Date,Close,High,Low,Open
2020-01-01,13690.3720703125,13690.3720703125,13876.0,13681.833984375
2020-01-02,13689.2314453125,13689.2314453125,13906.0,13688.203125
2020-01-03,13884.7861328125,13884.7861328125,13966.0,13775.5
2020-01-06,13934.31640625,13934.31640625,13973.2998046875,13916.0
2020-01-07,13926.5,13926.5,13939.0,13875.5
2020-01-08,13867.236328125,13867.236328125,13956.2998046875,13859.5
2020-01-09,13886.939453125,13886.939453125,13900.9638671875,13833.0
2020-01-10,13827.560546875,13827.560546875,13870.5,13716.0
2020-01-13,13522.4345703125,13522.4345703125,13756.0,13523.8193359375
2020-01-14,13665.3046875,13665.3046875,13718.0,13635.0
2020-01-15,13668.0400390625,13668.0400390625,13727.2001953125,13637.0
2020-01-16,13665.0966796875,13665.0966796875,13723.5,13615.5
2020-01-17,13623.0,13623.0,13688.0,13616.91796875
2020-01-20,13456.98828125,13456.98828125,13657.900390625,13447.69140625
2020-01-21,13615.0,13615.0,13690.5,13614.0
2020-01-22,13651.0,13651.0,13714.5,13555.0
2020-01-23,13626.38671875,13626.38671875,13678.0,13603.0
2020-01-24,13609.1884765625,13609.1884765625,13692.0,13556.0
2020-01-27,13711.9736328125,13711.9736328125,13711.8466796875,13566.0
2020-01-28,13213.240234375,13213.240234375,13719.0,13215.0400390625
2020-01-29,13634.0,13634.0,13658.7998046875,13604.0771484375
2020-01-30,13614.0146484375,13614.0146484375,13701.900390625,13611.5146484375
2020-01-31,13643.1806640625,13643.1806640625,13783.599609375,13593.8984375
2020-02-03,13633.126953125,13633.126953125,13810.5,13638.9052734375
2020-02-04,13735.5,13735.5,13771.2998046875,13681.5
2020-02-05,13702.4072265625,13702.4072265625,13731.7998046875,13628.599609375
2020-02-06,13668.267578125,13668.267578125,13680.0,13593.0
2020-02-07,13698.0,13698.0,13762.599609375,13434.669921875
2020-02-10,13675.853515625,13675.853515625,13757.2998046875,13667.3642578125
2020-02-11,13691.58984375,13691.58984375,13745.0,13648.0
2020-02-12,13657.5537109375,13657.5537109375,13684.599609375,13641.2998046875
2020-02-13,13500.7373046875,13500.7373046875,13718.400390625,13494.7958984375
2020-02-14,13695.400390625,13695.400390625,13745.5,13668.0
2020-02-17,13681.2900390625,13681.2900390625,13695.900390625,13646.0
2020-02-18,13649.2412109375,13649.2412109375,13726.0,13649.21484375
2020-02-19,13768.0,13768.0,13769.7998046875,13645.3505859375
2020-02-20,13762.0,13762.0,13845.099609375,13655.7890625
2020-02-21,13703.482421875,13703.482421875,13899.2998046875,13701.666015625
2020-02-24,13771.486328125,13771.486328125,13968.900390625,13757.0
2020-02-25,13879.9296875,13879.9296875,14051.0,13851.2001953125
2020-02-26,14056.5,14056.5,14108.5,13856.7529296875
2020-02-27,13931.0,13931.0,14176.900390625,13901.0
2020-02-28,14316.0,14316.0,14422.0,14009.62890625
2020-03-02,13971.9619140625,13971.9619140625,14731.0,13929.294921875
2020-03-03,14220.0,14220.0,14277.0,14056.900390625
2020-03-04,14199.5,14199.5,14275.0,14057.5
2020-03-05,14256.0,14256.0,14292.5,14111.0
2020-03-06,14309.599609375,14309.599609375,14463.7998046875,14187.0
2020-03-09,14251.5390625,14251.5390625,14796.0,14124.7646484375
2020-03-10,14094.818359375,14094.818359375,14702.0,13877.818359375
2020-03-11,14272.900390625,14272.900390625,14481.0,14273.099609375
2020-03-12,14526.0,14526.0,14709.5,14244.03125
2020-03-13,14850.0,14850.0,14984.0,14060.0
2020-03-16,14635.0224609375,14635.0224609375,15131.5,14610.8330078125
2020-03-17,15192.0,15192.0,15280.5,14923.9638671875
2020-03-18,14955.7880859375,14955.7880859375,15523.0,14889.900390625
2020-03-19,15474.5,15474.5,16180.0,15437.5
2020-03-20,15908.0,15908.0,16327.5,15785.5
2020-03-23,15766.2470703125,15766.2470703125,16639.5,16045.0
2020-03-24,16504.80078125,16504.80078125,16915.0,16149.0
2020-03-25,16216.5,16216.5,16493.0,15701.0
2020-03-26,16447.720703125,16447.720703125,16449.21875,15959.5
2020-03-27,16218.63671875,16218.63671875,16355.0,14944.5
2020-03-30,16005.3349609375,16005.3349609375,16439.5,15739.6123046875
2020-03-31,16346.9619140625,16346.9619140625,16474.5,16034.5
2020-04-01,16277.943359375,16277.943359375,17178.0,16273.0
2020-04-02,16412.80859375,16412.80859375,17144.0,16399.5
2020-04-03,16441.263671875,16441.263671875,16849.0,16440.923828125
2020-04-06,16418.0,16418.0,16785.0,16352.0087890625
2020-04-07,16364.6484375,16364.6484375,16633.5,15969.5
2020-04-08,16225.0,16225.0,16349.5,16054.5
2020-04-09,16159.376953125,16159.376953125,16241.0,15710.2998046875
2020-04-10,15811.9677734375,15811.9677734375,15835.0,15587.2001953125
2020-04-13,15800.0,15800.0,15854.0,15610.5
2020-04-14,15751.0,15751.0,15778.0,15351.5
2020-04-15,15578.3466796875,15578.3466796875,15793.0,15568.0
2020-04-16,15887.5,15887.5,15881.0,15319.5
2020-04-17,15568.3388671875,15568.3388671875,15821.0,15383.2001953125
2020-04-20,15423.0,15423.0,15662.0,15172.310546875
2020-04-21,15377.080078125,15377.080078125,15712.0,15375.48046875
2020-04-22,15394.6787109375,15394.6787109375,15875.5,15388.1572265625
2020-04-23,15408.6220703125,15408.6220703125,15770.5,15416.7470703125
2020-04-24,15665.0,15665.0,15784.5,15398.6767578125
2020-04-27,15348.744140625,15348.744140625,15584.0,15348.259765625
2020-04-28,15312.3857421875,15312.3857421875,15637.0,15299.08984375
2020-04-29,15364.5947265625,15364.5947265625,15497.7998046875,15180.2998046875
2020-04-30,15234.63671875,15234.63671875,15241.642578125,14399.0
2020-05-01,15249.0,15249.0,15446.0,14535.05078125
2020-05-04,14671.0,14671.0,15236.0,14841.541015625
2020-05-05,15044.0,15044.0,15293.0,14989.900390625
2020-05-06,15335.0,15335.0,15332.7998046875,15026.5
2020-05-07,14998.33203125,14998.33203125,15430.0,14993.8427734375
2020-05-08,15227.0,15227.0,15227.0,14880.5
2020-05-11,14721.3984375,14721.3984375,14980.0,14868.5
2020-05-12,14848.7001953125,14848.7001953125,15057.5,14773.0
2020-05-13,14994.0,14994.0,14997.7998046875,14777.0
2020-05-14,14846.873046875,14846.873046875,14973.0,14824.2001953125
2020-05-15,14810.1201171875,14810.1201171875,15027.0,14814.4423828125
2020-05-18,14853.0,14853.0,14912.5,14799.2998046875
2020-05-19,14878.0,14878.0,14885.5,14749.2998046875
2020-05-20,14748.447265625,14748.447265625,14855.5,14682.0
2020-05-21,14771.0,14771.0,14773.5,14671.5
2020-05-22,14826.0,14826.0,14924.0,14684.970703125
2020-05-25,14703.0,14703.0,14875.0,14502.7119140625
2020-05-26,14501.7578125,14501.7578125,15008.5,14496.7001953125
2020-05-27,14850.0,14850.0,14842.5,14680.0
2020-05-28,14888.5,14888.5,14815.2998046875,14633.3505859375
2020-05-29,14825.0,14825.0,14882.2412109375,14507.0
2020-06-01,14603.0,14603.0,14603.0,14435.5
2020-06-02,14573.5,14573.5,14603.0,14334.0
2020-06-03,14343.8232421875,14343.8232421875,14375.099609375,14082.0
2020-06-04,14130.0,14130.0,14194.2998046875,14043.388671875
2020-06-05,14085.447265625,14085.447265625,14170.0,13888.0
2020-06-08,13863.0,13863.0,14034.0,13804.8330078125
2020-06-09,14070.7998046875,14070.7998046875,14123.7998046875,13835.662109375
2020-06-10,13852.103515625,13852.103515625,14249.2001953125,13852.904296875
2020-06-11,13947.443359375,13947.443359375,14249.5,13944.5732421875
2020-06-12,14475.0,14475.0,14475.0,13947.619140625
2020-06-15,14118.0,14118.0,14312.7001953125,13976.2763671875
2020-06-16,13988.119140625,13988.119140625,14235.7001953125,13983.3310546875
2020-06-17,14275.0,14275.0,14243.400390625,14013.880859375
2020-06-18,14102.7353515625,14102.7353515625,14243.099609375,14047.580078125
2020-06-19,13997.6923828125,13997.6923828125,14250.2998046875,14000.814453125
2020-06-22,14093.0,14093.0,14301.5,14045.9111328125
2020-06-23,14080.134765625,14080.134765625,14267.900390625,14020.599609375
2020-06-24,14113.177734375,14113.177734375,14250.7001953125,14080.0
2020-06-25,14289.2998046875,14289.2998046875,14288.099609375,14102.7001953125
2020-06-26,14376.2001953125,14376.2001953125,14364.599609375,14098.1982421875
2020-06-29,14213.0,14213.0,14397.099609375,14132.84375
2020-06-30,14470.2001953125,14470.2001953125,14593.5,14149.693359375
2020-07-01,14194.05078125,14194.05078125,14604.2001953125,14148.2001953125
2020-07-02,14187.8583984375,14187.8583984375,14591.400390625,14187.900390625
2020-07-03,14298.779296875,14298.779296875,14626.400390625,14298.2509765625
2020-07-06,14503.0,14503.0,14526.2998046875,14266.791015625
2020-07-07,14206.5087890625,14206.5087890625,14483.0,14182.484375
2020-07-08,14483.5,14483.5,14483.5,14234.603515625
2020-07-09,14349.5654296875,14349.5654296875,14523.0,14341.732421875
2020-07-10,14545.7001953125,14545.7001953125,14545.7001953125,14314.5029296875
2020-07-13,14428.0,14428.0,14493.0,14205.001953125
2020-07-14,14584.0,14584.0,14614.2001953125,14348.0
2020-07-15,14715.400390625,14715.400390625,14605.7998046875,14345.412109375
2020-07-16,14561.171875,14561.171875,14674.5,14560.0
2020-07-17,14552.2099609375,14552.2099609375,14830.0,14546.412109375
2020-07-20,14688.0,14688.0,14884.7001953125,14610.9140625
2020-07-21,14949.2998046875,14949.2998046875,14950.0,14680.2001953125
2020-07-22,14626.8623046875,14626.8623046875,14754.2001953125,14553.599609375
2020-07-23,14630.0,14630.0,14704.2001953125,14538.0
2020-07-24,14578.904296875,14578.904296875,14700.0,14549.0
2020-07-27,14603.0,14603.0,14629.599609375,14461.42578125
2020-07-28,14614.5,14614.5,14605.599609375,14459.078125
2020-07-29,14633.5,14633.5,14663.900390625,14473.2861328125
2020-07-30,14458.3447265625,14458.3447265625,14733.7001953125,14457.80859375
2020-07-31,14486.6689453125,14486.6689453125,14737.099609375,14470.927734375
2020-08-03,14593.0,14593.0,14727.400390625,14584.5771484375
2020-08-04,14540.9208984375,14540.9208984375,14776.5,14539.759765625
2020-08-05,14720.0,14720.0,14720.0,14465.591796875
2020-08-06,14307.642578125,14307.642578125,14626.0,14296.4951171875
2020-08-07,14568.45703125,14568.45703125,14731.099609375,14566.2197265625
2020-08-10,14618.0,14618.0,14761.599609375,14467.62109375
2020-08-11,14823.7998046875,14823.7998046875,14768.599609375,14593.58984375
2020-08-12,14858.5,14858.5,14833.5,14613.5830078125
2020-08-13,14670.8095703125,14670.8095703125,14953.599609375,14670.94921875
2020-08-14,14673.4970703125,14673.4970703125,14954.599609375,14674.15625
2020-08-17,14788.0,14788.0,14917.0,14549.79296875
2020-08-18,14969.400390625,14969.400390625,14971.099609375,14701.638671875
2020-08-19,14598.072265625,14598.072265625,14838.0,14592.697265625
2020-08-20,14694.197265625,14694.197265625,14789.2998046875,14681.5
2020-08-21,14543.412109375,14543.412109375,14793.400390625,14533.8671875
2020-08-24,14764.0,14764.0,14800.2998046875,14576.541015625
2020-08-25,14629.400390625,14629.400390625,14664.0,14518.140625
2020-08-26,14607.7001953125,14607.7001953125,14686.0,14435.1943359375
2020-08-27,14447.3828125,14447.3828125,14729.099609375,14446.4130859375
2020-08-28,14446.00390625,14446.00390625,14735.599609375,14446.3994140625
2020-08-31,14618.0,14618.0,14626.7998046875,14412.6337890625
2020-09-01,14599.7001953125,14599.7001953125,14723.7001953125,14337.1328125
2020-09-02,14818.599609375,14818.599609375,14884.0,14453.9521484375
2020-09-03,14565.1474609375,14565.1474609375,14895.0,14569.271484375
2020-09-04,14545.9873046875,14545.9873046875,14854.5,14536.59375
2020-09-07,14741.0,14741.0,14791.2998046875,14706.0
2020-09-08,14795.0,14795.0,14878.0,14543.255859375
2020-09-09,14915.2001953125,14915.2001953125,14915.2001953125,14760.0
2020-09-10,14874.2001953125,14874.2001953125,14994.7001953125,14761.6591796875
2020-09-11,14857.470703125,14857.470703125,15045.2998046875,14870.970703125
2020-09-14,14883.0,14883.0,15035.0,14858.60546875
2020-09-15,14983.5,14983.5,15010.4892578125,14799.599609375
2020-09-16,14869.599609375,14869.599609375,14881.1943359375,14783.0
2020-09-17,14812.5869140625,14812.5869140625,14887.0,14722.599609375
2020-09-18,14788.0,14788.0,14816.30859375,14679.599609375
2020-09-21,14728.0,14728.0,14829.5,14573.099609375
2020-09-22,14839.2001953125,14839.2001953125,14859.0,14694.8076171875
2020-09-23,14742.5859375,14742.5859375,14899.900390625,14740.5859375
2020-09-24,14803.9853515625,14803.9853515625,15041.5,14660.599609375
2020-09-25,14839.578125,14839.578125,15019.7998046875,14841.4306640625
2020-09-28,14863.0,14863.0,14980.599609375,14816.2998046875
2020-09-29,14893.599609375,14893.599609375,14989.0,14848.900390625
2020-09-30,14910.0,14910.0,14972.7998046875,14809.7001953125
2020-10-01,14879.0,14879.0,14897.900390625,14709.5
2020-10-02,14817.55859375,14817.55859375,14933.5,14816.9912109375
2020-10-05,14853.0,14853.0,14853.0,14672.400390625
2020-10-06,14780.1826171875,14780.1826171875,14773.5,14675.5
2020-10-07,14773.0,14773.0,14846.4921875,14709.0
2020-10-08,14715.5,14715.5,14764.0,14692.5
2020-10-09,14676.99609375,14676.99609375,14759.2001953125,14619.900390625
2020-10-12,14693.0,14693.0,14751.5,14681.6416015625
2020-10-13,14484.9921875,14484.9921875,14787.7998046875,14484.2529296875
2020-10-14,14793.0,14793.0,14790.0,14664.677734375
2020-10-15,14681.462890625,14681.462890625,14800.2001953125,14671.5400390625
2020-10-16,14652.5,14652.5,14779.2001953125,14652.599609375
2020-10-19,14693.0,14693.0,14770.0,14663.5947265625
2020-10-20,14708.0,14708.0,14730.0,14640.5
2020-10-21,14688.0,14688.0,14701.599609375,14527.2412109375
2020-10-22,14639.775390625,14639.775390625,14744.0,14613.0
2020-10-23,14639.8525390625,14639.8525390625,14745.0,14640.0
2020-10-26,14642.7822265625,14642.7822265625,14716.400390625,14645.5
2020-10-27,14724.2001953125,14724.2001953125,14724.2001953125,14618.0
2020-10-28,14653.2744140625,14653.2744140625,14810.2998046875,14652.3603515625
2020-10-29,14777.2001953125,14777.2001953125,14811.099609375,14730.900390625
2020-10-30,14818.0,14818.0,14819.2998046875,14462.9052734375
2020-11-02,14586.169921875,14586.169921875,14748.7998046875,14611.2001953125
2020-11-03,14603.9580078125,14603.9580078125,14669.2001953125,14445.7001953125
2020-11-04,14540.892578125,14540.892578125,14623.7998046875,14126.7998046875
2020-11-05,14360.0,14360.0,14507.5263671875,14237.7998046875
2020-11-06,14256.0,14256.0,14316.7998046875,14190.0
2020-11-09,14198.671875,14198.671875,14218.5,13931.7001953125
2020-11-10,14256.3603515625,14256.3603515625,14263.8388671875,13984.7001953125
2020-11-11,14041.544921875,14041.544921875,14224.2001953125,13990.5
2020-11-12,13878.9892578125,13878.9892578125,14233.0,13876.3427734375
2020-11-13,14133.4912109375,14133.4912109375,14241.400390625,14127.009765625
2020-11-16,14135.5595703125,14135.5595703125,14163.0,14067.7001953125
2020-11-17,14089.2001953125,14089.2001953125,14122.099609375,14031.0
2020-11-18,14026.451171875,14026.451171875,14130.7001953125,14025.2421875
2020-11-19,14110.2001953125,14110.2001953125,14259.400390625,14096.2001953125
2020-11-20,14189.900390625,14189.900390625,14233.599609375,14148.0
2020-11-23,14150.9912109375,14150.9912109375,14202.7998046875,14113.2900390625
2020-11-24,14164.60546875,14164.60546875,14240.400390625,14143.0
2020-11-25,14121.7998046875,14121.7998046875,14203.099609375,14018.2001953125
2020-11-26,14127.470703125,14127.470703125,14161.0,14101.0
2020-11-27,13897.6689453125,13897.6689453125,14157.2001953125,13869.3271484375
2020-11-30,14061.64453125,14061.64453125,14197.7998046875,13826.873046875
2020-12-01,14094.935546875,14094.935546875,14206.0,13837.6513671875
2020-12-02,14175.0,14175.0,14246.7001953125,13955.2001953125
2020-12-03,14076.419921875,14076.419921875,14229.2001953125,14076.2197265625
2020-12-04,14092.798828125,14092.798828125,14190.0,14085.9560546875
2020-12-07,14076.490234375,14076.490234375,14217.400390625,14069.865234375
2020-12-08,14143.0,14143.0,14165.5,14080.0
2020-12-09,14083.0107421875,14083.0107421875,14173.599609375,14051.2998046875
2020-12-10,14150.0,14150.0,14150.0,14074.1318359375
2020-12-11,14082.5927734375,14082.5927734375,14175.0,14076.0
2020-12-14,14069.1572265625,14069.1572265625,14199.2998046875,14043.978515625
2020-12-15,14221.900390625,14221.900390625,14225.0,14056.4599609375
2020-12-16,14190.0,14190.0,14199.0,14101.0810546875
2020-12-17,14070.537109375,14070.537109375,14169.2001953125,14065.7412109375
2020-12-18,14083.8505859375,14083.8505859375,14170.0,14062.0
2020-12-21,14068.9375,14068.9375,14262.599609375,14100.0
2020-12-22,14100.7314453125,14100.7314453125,14304.7998046875,14103.630859375
2020-12-23,14324.2001953125,14324.2001953125,14324.2001953125,14109.7236328125
2020-12-24,14146.9013671875,14146.9013671875,14285.0,14129.1025390625
2020-12-25,14148.6435546875,14148.6435546875,14216.7998046875,13994.3115234375
2020-12-28,13911.1435546875,13911.1435546875,14201.0,13930.0234375
2020-12-29,14126.1201171875,14126.1201171875,14164.0,14071.5
2020-12-30,14069.9091796875,14069.9091796875,14156.5,13993.400390625
2020-12-31,13832.5595703125,13832.5595703125,14027.2998046875,13832.3349609375
2021-01-01,13932.3740234375,13932.3740234375,14034.4736328125,13875.0
2021-01-04,14022.5009765625,14022.5009765625,14043.0,13826.099609375
2021-01-05,13931.400390625,13931.400390625,13962.0,13880.0
2021-01-06,13930.0,13930.0,13953.599609375,13875.0
2021-01-07,13951.5,13951.5,14137.5,13837.6640625
2021-01-08,13892.9775390625,13892.9775390625,14147.400390625,13892.9775390625
2021-01-11,13861.392578125,13861.392578125,14297.0,13897.0166015625
2021-01-12,14088.7353515625,14088.7353515625,14287.2998046875,14088.09765625
2021-01-13,14031.078125,14031.078125,14194.900390625,14032.2568359375
2021-01-14,14166.0,14166.0,14166.0,13979.900390625
2021-01-15,14063.1474609375,14063.1474609375,14099.0,13969.5
2021-01-18,13880.779296875,13880.779296875,14162.0,13882.990234375
2021-01-19,14100.7998046875,14100.7998046875,14167.5556640625,14045.7001953125
2021-01-20,14122.0,14122.0,14121.2998046875,13981.400390625
2021-01-21,14037.2001953125,14037.2001953125,14042.0,13954.2001953125
2021-01-22,13960.76171875,13960.76171875,14122.0,13953.5693359375
2021-01-25,14012.8955078125,14012.8955078125,14126.2998046875,14013.0
2021-01-26,14148.5,14148.5,14151.2998046875,14040.0
2021-01-27,14142.0,14142.0,14156.5,14037.0908203125
2021-01-28,14195.0,14195.0,14195.0,14038.654296875
2021-01-29,13854.8642578125,13854.8642578125,14242.3798828125,13855.8642578125
2021-02-01,13828.13671875,13828.13671875,14081.2998046875,13834.98046875
2021-02-02,14118.5,14118.5,14117.5,13990.900390625
2021-02-03,13995.53515625,13995.53515625,14047.5,13960.2998046875
2021-02-04,13983.9521484375,13983.9521484375,14088.0,13978.8388671875
2021-02-05,14010.4736328125,14010.4736328125,14093.5,13993.5
2021-02-08,14001.103515625,14001.103515625,14034.099609375,13982.0
2021-02-09,13990.4599609375,13990.4599609375,14047.2998046875,13965.400390625
2021-02-10,13989.1884765625,13989.1884765625,14029.2001953125,13957.900390625
2021-02-11,14027.0,14027.0,14027.0,13949.5
2021-02-12,13976.240234375,13976.240234375,14009.7998046875,13952.2001953125
2021-02-15,13966.0,13966.0,13974.599609375,13858.2998046875
2021-02-16,13907.0,13907.0,14022.2998046875,13724.61328125
2021-02-17,14039.2001953125,14039.2001953125,14151.5,13918.0
2021-02-18,14007.474609375,14007.474609375,14110.0,13997.6513671875
2021-02-19,13998.1982421875,13998.1982421875,14118.0,13991.900390625
2021-02-22,13898.4169921875,13898.4169921875,14237.2001953125,13886.353515625
2021-02-23,14107.6962890625,14107.6962890625,14165.0,14067.7998046875
2021-02-24,14081.6171875,14081.6171875,14126.2001953125,14020.2998046875
2021-02-25,14097.7998046875,14097.7998046875,14256.5,14042.7998046875
2021-02-26,13968.185546875,13968.185546875,14410.0,13967.28515625
2021-03-01,14110.5849609375,14110.5849609375,14347.5,14079.6787109375
2021-03-02,14245.6201171875,14245.6201171875,14372.0,14245.419921875
2021-03-03,14239.181640625,14239.181640625,14345.0,14234.7666015625
2021-03-04,14349.0,14349.0,14351.5,14227.7998046875
2021-03-05,14268.8798828125,14268.8798828125,14441.0,14243.8564453125
2021-03-08,14287.392578125,14287.392578125,14364.0,14113.595703125
2021-03-09,14344.4755859375,14344.4755859375,14466.0,14110.560546875
2021-03-10,14393.0,14393.0,14444.2001953125,14176.0634765625
2021-03-11,14398.0,14398.0,14462.599609375,14280.900390625
2021-03-12,14283.900390625,14283.900390625,14446.5,14284.900390625
2021-03-15,14385.208984375,14385.208984375,14417.2998046875,14407.400390625
2021-03-16,14464.0,14464.0,14506.7998046875,14378.400390625
2021-03-17,14427.5,14427.5,14495.2001953125,14394.7001953125
2021-03-18,14403.0,14403.0,14529.7998046875,14338.0
2021-03-19,14431.0,14431.0,14494.7998046875,14373.5
2021-03-22,14372.2001953125,14372.2001953125,14442.400390625,14373.099609375
2021-03-23,14375.7998046875,14375.7998046875,14499.0,14252.5
2021-03-24,14505.5,14505.5,14505.5,14388.0
2021-03-25,14460.0,14460.0,14508.7001953125,14401.5
2021-03-26,14456.400390625,14456.400390625,14502.099609375,14399.900390625
2021-03-29,14411.0,14411.0,14501.0,14411.0
2021-03-30,14511.7001953125,14511.7001953125,14569.599609375,14438.0
2021-03-31,14605.0,14605.0,14605.0,14517.099609375
2021-04-01,14606.0,14606.0,14605.0,14495.2998046875
2021-04-02,14553.0,14553.0,14553.0,14486.0
2021-04-05,14518.0,14518.0,14536.0,14446.5
2021-04-06,14529.2001953125,14529.2001953125,14529.2001953125,14456.2998046875
2021-04-07,14460.2998046875,14460.2998046875,14577.599609375,14456.2001953125
2021-04-08,14641.0,14641.0,14641.0,14488.0
2021-04-09,14660.7001953125,14660.7001953125,14660.7001953125,14528.0
2021-04-12,14558.0,14558.0,14644.0,14558.0
2021-04-13,14611.900390625,14611.900390625,14674.0,14588.0
2021-04-14,14621.099609375,14621.099609375,14688.0,14597.2001953125
2021-04-15,14673.7998046875,14673.7998046875,14673.7998046875,14562.599609375
2021-04-16,14616.0,14616.0,14617.0,14512.2998046875
2021-04-19,14558.0,14558.0,14575.599609375,14509.099609375
2021-04-20,14570.0,14570.0,14576.099609375,14471.5
2021-04-21,14543.2001953125,14543.2001953125,14587.2998046875,14495.0
2021-04-22,14564.2001953125,14564.2001953125,14564.2001953125,14507.0
2021-04-23,14606.599609375,14606.599609375,14605.900390625,14504.400390625
2021-04-26,14518.0,14518.0,14518.0,14416.5
2021-04-27,14459.599609375,14459.599609375,14517.0,14460.7001953125
2021-04-28,14516.400390625,14516.400390625,14568.5,14478.0
2021-04-29,14519.0,14519.0,14519.0,14384.900390625
2021-04-30,14439.7001953125,14439.7001953125,14494.7001953125,14395.599609375
2021-05-03,14438.0,14438.0,14519.7998046875,14394.7998046875
2021-05-04,14399.099609375,14399.099609375,14480.2001953125,14390.5
2021-05-05,14482.5,14482.5,14529.0,14411.2998046875
2021-05-06,14399.5,14399.5,14450.0,14276.2001953125
2021-05-07,14283.7998046875,14283.7998046875,14312.0,14055.900390625
2021-05-10,14278.0,14278.0,14278.0,14071.2998046875
2021-05-11,14189.599609375,14189.599609375,14227.2998046875,14160.5
2021-05-12,14220.0,14220.0,14330.7998046875,14182.5
2021-05-13,14347.0,14347.0,14359.2001953125,14270.7998046875
2021-05-14,14300.2998046875,14300.2998046875,14341.0,14262.900390625
2021-05-17,14191.0,14191.0,14388.099609375,14191.0
2021-05-18,14344.5,14344.5,14389.2998046875,14250.599609375
2021-05-19,14362.2998046875,14362.2998046875,14416.2001953125,14266.0
2021-05-20,14389.7001953125,14389.7001953125,14444.7001953125,14338.0
2021-05-21,14397.2998046875,14397.2998046875,14396.2998046875,14311.2001953125
2021-05-24,14348.0,14348.0,14370.400390625,14311.5
2021-05-25,14365.0,14365.0,14364.0,14296.5
2021-05-26,14371.400390625,14371.400390625,14371.400390625,14217.099609375
2021-05-27,14310.0,14310.0,14335.099609375,14263.7998046875
2021-05-28,14318.0,14318.0,14345.099609375,14256.5
2021-05-31,14278.0,14278.0,14306.7998046875,14206.5
2021-06-01,14247.5,14247.5,14285.5,14179.7998046875
2021-06-02,14251.5,14251.5,14327.7998046875,14240.0
2021-06-03,14290.7001953125,14290.7001953125,14333.7998046875,14236.5
2021-06-04,14360.0,14360.0,14360.0,14249.2001953125
2021-06-07,14288.0,14288.0,14298.2998046875,14239.0
2021-06-08,14246.5,14246.5,14287.7001953125,14199.650390625
2021-06-09,14281.0,14281.0,14310.7001953125,14243.5
2021-06-10,14300.0,14300.0,14300.0,14223.0
2021-06-11,14248.5,14248.5,14251.0,14148.0
2021-06-14,14182.0,14182.0,14276.400390625,14182.0
2021-06-15,14267.5,14267.5,14271.900390625,14150.8896484375
2021-06-16,14280.2998046875,14280.2998046875,14279.2998046875,14218.0
2021-06-17,14466.5,14466.5,14487.599609375,14302.7998046875
2021-06-18,14554.7001953125,14554.7001953125,14554.7001953125,14367.099609375
2021-06-21,14368.0,14368.0,14505.599609375,14368.0
2021-06-22,14388.7998046875,14388.7998046875,14485.2998046875,14368.400390625
2021-06-23,14495.0,14495.0,14495.0,14413.0
2021-06-24,14413.2998046875,14413.2998046875,14491.400390625,14381.73046875
2021-06-25,14511.2001953125,14511.2001953125,14511.2001953125,14417.5
2021-06-28,14418.0,14418.0,14517.400390625,14417.400390625
2021-06-29,14525.0,14525.0,14593.400390625,14438.0
2021-06-30,14629.099609375,14629.099609375,14629.099609375,14423.51953125
2021-07-01,14601.599609375,14601.599609375,14601.599609375,14490.0
2021-07-02,14581.400390625,14581.400390625,14635.0,14485.5
2021-07-05,14526.0,14526.0,14535.0,14444.5
2021-07-06,14495.0,14495.0,14530.0,14443.5
2021-07-07,14568.7001953125,14568.7001953125,14568.7001953125,14468.2998046875
2021-07-08,14569.2001953125,14569.2001953125,14599.7001953125,14506.2001953125
2021-07-09,14618.7001953125,14618.7001953125,14618.7001953125,14479.599609375
2021-07-12,14521.0,14521.0,14525.0,14466.099609375
2021-07-13,14558.5,14558.5,14557.5,14439.5
2021-07-14,14542.099609375,14542.099609375,14539.7998046875,14453.5
2021-07-15,14473.0,14473.0,14528.599609375,14420.5400390625
2021-07-16,14563.0,14563.0,14560.0,14426.900390625
2021-07-19,14491.0,14491.0,14581.2998046875,14477.5
2021-07-20,14664.5,14664.5,14664.7998046875,14524.7001953125
2021-07-21,14620.0,14620.0,14560.5,14477.400390625
2021-07-22,14536.0,14536.0,14530.2001953125,14472.5
2021-07-23,14548.7001953125,14548.7001953125,14548.7001953125,14435.4599609375
2021-07-26,14486.0,14486.0,14505.900390625,14343.2001953125
2021-07-27,14523.5,14523.5,14523.5,14458.0
2021-07-28,14554.0,14554.0,14554.0,14479.599609375
2021-07-29,14462.599609375,14462.599609375,14516.5,14406.2998046875
2021-07-30,14450.0,14450.0,14481.2998046875,14403.0
2021-08-02,14456.0,14456.0,14470.7998046875,14357.2998046875
2021-08-03,14397.400390625,14397.400390625,14396.7001953125,14282.7001953125
2021-08-04,14349.5,14349.5,14353.2001953125,14142.400390625
2021-08-05,14338.599609375,14338.599609375,14373.5,14306.0
2021-08-06,14385.5,14385.5,14401.7998046875,14333.2001953125
2021-08-09,14346.0,14346.0,14403.0,14346.0
2021-08-10,14402.099609375,14402.099609375,14419.7998046875,14356.0
2021-08-11,14393.099609375,14393.099609375,14428.5,14357.0
2021-08-12,14395.0,14395.0,14404.400390625,14297.5
2021-08-13,14341.0,14341.0,14415.0,14289.0
2021-08-16,14381.0,14381.0,14391.0,14349.5
2021-08-17,14363.0,14363.0,14426.5,14351.0
2021-08-18,14425.099609375,14425.099609375,14469.7998046875,14311.08984375
2021-08-19,14454.2001953125,14454.2001953125,14479.2998046875,14394.0
2021-08-20,14493.400390625,14493.400390625,14548.0,14396.0
2021-08-23,14446.0,14446.0,14446.0,14382.400390625
2021-08-24,14430.0,14430.0,14467.5,14367.5
2021-08-25,14448.7001953125,14448.7001953125,14448.7001953125,14363.2001953125
2021-08-26,14465.7001953125,14465.7001953125,14468.0,14407.400390625
2021-08-27,14449.2998046875,14449.2998046875,14502.0,14350.8896484375
2021-08-30,14411.0,14411.0,14411.0,14314.5
2021-08-31,14362.0,14362.0,14362.0,14197.099609375
2021-09-01,14246.5,14246.5,14299.7001953125,14208.2001953125
2021-09-02,14269.2001953125,14269.2001953125,14283.0,14212.580078125
2021-09-03,14245.5,14245.5,14280.0,14109.5
2021-09-06,14256.0,14256.0,14256.0,14185.5
2021-09-07,14231.400390625,14231.400390625,14271.2998046875,14153.7998046875
2021-09-08,14279.2001953125,14279.2001953125,14287.2998046875,14206.0
2021-09-09,14326.400390625,14326.400390625,14326.7998046875,14230.599609375
2021-09-10,14258.7998046875,14258.7998046875,14299.2001953125,14185.0
2021-09-13,14196.0,14196.0,14284.0,14196.0
2021-09-14,14291.599609375,14291.599609375,14291.599609375,14188.7001953125
2021-09-15,14249.7001953125,14249.7001953125,14283.5,14207.900390625
2021-09-16,14264.5,14264.5,14284.599609375,14180.740234375
2021-09-17,14283.900390625,14283.900390625,14283.900390625,14166.8095703125
2021-09-20,14221.0,14221.0,14306.7001953125,14221.0
2021-09-21,14320.5,14320.5,14320.2998046875,14206.599609375
2021-09-22,14237.5,14237.5,14290.7998046875,14172.7802734375
2021-09-23,14279.2001953125,14279.2001953125,14304.5,14177.759765625
2021-09-24,14286.5,14286.5,14307.400390625,14226.0
2021-09-27,14251.0,14251.0,14284.2998046875,14178.75
2021-09-28,14242.5,14242.5,14317.5,14237.5
2021-09-29,14318.599609375,14318.599609375,14364.2001953125,14266.0
2021-09-30,14385.0,14385.0,14385.0,14279.599609375
2021-10-01,14328.599609375,14328.599609375,14366.5,14266.2001953125
2021-10-04,14301.0,14301.0,14305.0,14237.7998046875
2021-10-05,14300.5,14300.5,14299.5,14215.7998046875
2021-10-06,14246.0,14246.0,14302.0,14206.2001953125
2021-10-07,14232.400390625,14232.400390625,14270.599609375,14164.099609375
2021-10-08,14170.7998046875,14170.7998046875,14247.2998046875,14157.900390625
2021-10-11,14216.0,14216.0,14225.7001953125,14153.8798828125
2021-10-12,14194.0,14194.0,14225.2998046875,14161.0
2021-10-13,14221.2001953125,14221.2001953125,14255.0,14145.919921875
2021-10-14,14219.7001953125,14219.7001953125,14219.7001953125,13579.2001953125
2021-10-15,14078.5,14078.5,14111.0,14017.599609375
2021-10-18,14067.0,14067.0,14141.2998046875,14013.580078125
2021-10-19,14157.2001953125,14157.2001953125,14156.5,14046.2001953125
2021-10-20,14116.7998046875,14116.7998046875,14149.900390625,13624.900390625
2021-10-21,14119.7998046875,14119.7998046875,14153.7998046875,14009.599609375
2021-10-22,14175.0,14175.0,14228.900390625,13721.2001953125
2021-10-25,14116.0,14116.0,14192.2001953125,14113.5
2021-10-26,14193.5,14193.5,14192.5,14117.0
2021-10-27,14175.7001953125,14175.7001953125,14251.400390625,14137.5
2021-10-28,14217.099609375,14217.099609375,14252.0,14163.900390625
2021-10-29,14229.0,14229.0,14256.0,14152.2001953125
2021-11-01,14228.5,14228.5,14332.099609375,14161.0
2021-11-02,14276.599609375,14276.599609375,14322.5,14244.5
2021-11-03,14289.900390625,14289.900390625,14411.2001953125,14246.0
2021-11-04,14366.0,14366.0,14402.2001953125,14302.0
2021-11-05,14414.0,14414.0,14414.0,14303.400390625
2021-11-08,14319.7998046875,14319.7998046875,14325.0,14237.5
2021-11-09,14252.0,14252.0,14288.0,14213.099609375
2021-11-10,14290.0,14290.0,14307.0,14226.900390625
2021-11-11,14302.400390625,14302.400390625,14337.0,14243.7998046875
2021-11-12,14261.7001953125,14261.7001953125,14299.2001953125,14164.2001953125
2021-11-15,14186.7001953125,14186.7001953125,14229.0,14156.5
2021-11-16,14185.400390625,14185.400390625,14253.5,14171.5
2021-11-17,14274.2001953125,14274.2001953125,14277.5,14214.5
2021-11-18,14223.7998046875,14223.7998046875,14255.0,14206.0
2021-11-19,14204.7001953125,14204.7001953125,14300.5,14183.5
2021-11-22,14265.099609375,14265.099609375,14291.599609375,14224.099609375
2021-11-23,14259.599609375,14259.599609375,14298.0,14241.0
2021-11-24,14272.5,14272.5,14327.400390625,14240.5
2021-11-25,14303.400390625,14303.400390625,14336.0,14256.0
2021-11-26,14320.0,14320.0,14439.099609375,14281.0
2021-11-29,14408.2001953125,14408.2001953125,14378.2998046875,14003.5
2021-11-30,14377.0,14377.0,14377.0,14235.5
2021-12-01,14333.0,14333.0,14379.5,14286.0
2021-12-02,14376.0,14376.0,14450.400390625,14281.240234375
2021-12-03,14443.7998046875,14443.7998046875,14508.0,14356.900390625
2021-12-06,14514.0,14514.0,14462.7001953125,14391.0
2021-12-07,14490.0,14490.0,14490.0,14331.5
2021-12-08,14393.2998046875,14393.2998046875,14392.2998046875,14041.2001953125
2021-12-09,14335.0,14335.0,14432.2998046875,14288.5
2021-12-10,14297.400390625,14297.400390625,14422.7998046875,14022.0
2021-12-13,14351.900390625,14351.900390625,14370.0,14282.5
2021-12-14,14324.7001953125,14324.7001953125,14356.2998046875,14283.5
2021-12-15,14342.5,14342.5,14389.099609375,14276.259765625
2021-12-16,14297.5,14297.5,14376.5,14265.3203125
2021-12-17,14380.0,14380.0,14387.7001953125,14344.5
2021-12-20,14385.7001953125,14385.7001953125,14415.400390625,14360.0
2021-12-21,14388.7001953125,14388.7001953125,14417.2998046875,14261.2001953125
2021-12-22,14263.900390625,14263.900390625,14307.0,14195.099609375
2021-12-23,14193.7998046875,14193.7998046875,14253.0,14167.5
2021-12-24,14167.7998046875,14167.7998046875,14242.0,14104.5
2021-12-27,14189.2998046875,14189.2998046875,14239.400390625,14147.91015625
2021-12-28,14220.0,14220.0,14239.5,14205.599609375
2021-12-29,14238.2001953125,14238.2001953125,14274.400390625,14216.7001953125
2021-12-30,14237.0,14237.0,14276.2001953125,14218.7001953125
2021-12-31,14285.2001953125,14285.2001953125,14285.2001953125,14065.5
2022-01-03,14215.0,14215.0,14301.2998046875,14207.5
2022-01-04,14283.599609375,14283.599609375,14383.2998046875,14259.0
2022-01-05,14385.5,14385.5,14398.5,14336.7001953125
2022-01-06,14446.5,14446.5,14445.7998046875,14351.0
2022-01-07,14408.0,14408.0,14408.0,14320.5
2022-01-10,14318.5,14318.5,14351.0,14262.2998046875
2022-01-11,14313.0,14313.0,14322.2998046875,14251.3896484375
2022-01-12,14277.0,14277.0,14355.5,14257.5
2022-01-13,14298.900390625,14298.900390625,14326.2001953125,14266.0
2022-01-14,14276.0,14276.0,14324.2998046875,14239.4501953125
2022-01-17,14314.5,14314.5,14335.5,14290.0
2022-01-18,14349.7001953125,14349.7001953125,14381.2998046875,14297.0
2022-01-19,14382.2998046875,14382.2998046875,14398.5,14331.0
2022-01-20,14362.7998046875,14362.7998046875,14382.5,14300.2998046875
2022-01-21,14343.0,14343.0,14356.5,14302.2001953125
2022-01-24,14329.7001953125,14329.7001953125,14364.900390625,14300.0
2022-01-25,14365.0,14365.0,14365.0,14299.400390625
2022-01-26,14330.5,14330.5,14354.0,14063.7001953125
2022-01-27,14366.400390625,14366.400390625,14397.5,14325.400390625
2022-01-28,14389.2001953125,14389.2001953125,14413.2998046875,14313.080078125
2022-01-31,14381.599609375,14381.599609375,14406.2998046875,14330.900390625
2022-02-01,14350.0,14350.0,14380.0,14296.2998046875
2022-02-02,14322.2998046875,14322.2998046875,14382.2998046875,14292.099609375
2022-02-03,14363.7998046875,14363.7998046875,14404.900390625,14348.7001953125
2022-02-04,14377.0,14377.0,14416.400390625,14309.099609375
2022-02-07,14400.400390625,14400.400390625,14419.2998046875,14373.0
2022-02-08,14405.599609375,14405.599609375,14405.599609375,14331.98046875
2022-02-09,14379.5,14379.5,14386.0,14332.400390625
2022-02-10,14334.2001953125,14334.2001953125,14366.0,14310.099609375
2022-02-11,14328.0,14328.0,14367.900390625,14298.599609375
2022-02-14,14344.7001953125,14344.7001953125,14351.400390625,14304.599609375
2022-02-15,14303.0,14303.0,14321.0,14081.0
2022-02-16,14260.599609375,14260.599609375,14297.7998046875,14220.5400390625
2022-02-17,14274.400390625,14274.400390625,14362.400390625,14206.6103515625
2022-02-18,14348.0,14348.0,14375.400390625,14301.7998046875
2022-02-21,14365.900390625,14365.900390625,14366.900390625,14267.3095703125
2022-02-22,14355.0,14355.0,14383.7998046875,14321.0
2022-02-23,14395.0,14395.0,14395.0,14325.7998046875
2022-02-24,14365.0,14365.0,14457.2998046875,14331.0
2022-02-25,14452.5,14452.5,14455.0,14319.599609375
2022-02-28,14334.2001953125,14334.2001953125,14408.0,14341.0
2022-03-01,14360.0,14360.0,14415.400390625,14320.0
2022-03-02,14425.0,14425.0,14424.5,14341.0
2022-03-03,14387.5,14387.5,14415.2998046875,14352.5
2022-03-04,14358.400390625,14358.400390625,14398.099609375,14357.7001953125
2022-03-07,14381.7001953125,14381.7001953125,14445.5,14377.2998046875
2022-03-08,14406.400390625,14406.400390625,14439.5,14266.400390625
2022-03-09,14362.7001953125,14362.7001953125,14391.0,14264.7998046875
2022-03-10,14251.0,14251.0,14341.0,14250.0
2022-03-11,14275.0,14275.0,14321.0,14089.599609375
2022-03-14,14325.5,14325.5,14339.2998046875,14234.4697265625
2022-03-15,14347.5,14347.5,14346.5,14289.0
2022-03-16,14305.2998046875,14305.2998046875,14315.2998046875,14081.2001953125
2022-03-17,14263.5,14263.5,14337.7998046875,14253.5
2022-03-18,14326.0,14326.0,14357.7998046875,14218.5498046875
2022-03-21,14342.2998046875,14342.2998046875,14350.7001953125,14268.2998046875
2022-03-22,14345.0,14345.0,14357.0,14269.2998046875
2022-03-23,14345.5,14345.5,14386.0,14321.0
2022-03-24,14389.0,14389.0,14389.0,14344.0
2022-03-25,14337.099609375,14337.099609375,14375.0,14326.0
2022-03-28,14334.0,14334.0,14374.7001953125,14334.0
2022-03-29,14373.0,14373.0,14372.2001953125,14288.2001953125
2022-03-30,14334.0,14334.0,14362.5,14292.1796875
2022-03-31,14327.5,14327.5,14375.400390625,14319.5
2022-04-01,14351.0,14351.0,14379.2001953125,14341.2001953125
2022-04-04,14361.0,14361.0,14366.5,14292.1796875
2022-04-05,14322.2998046875,14322.2998046875,14368.0,14322.2998046875
2022-04-06,14365.5,14365.5,14384.900390625,14340.0
2022-04-07,14382.0,14382.0,14381.7998046875,14349.0
2022-04-08,14385.0,14385.0,14393.400390625,14352.0
2022-04-11,14355.0,14355.0,14381.2998046875,14355.0
2022-04-12,14360.7001953125,14360.7001953125,14381.2001953125,14351.7001953125
2022-04-13,14364.2001953125,14364.2001953125,15611.599609375,14338.599609375
2022-04-14,14360.2001953125,14360.2001953125,14385.900390625,14337.0
2022-04-15,14383.900390625,14383.900390625,14394.5,14337.0
2022-04-18,14337.0,14337.0,14368.0,14277.259765625
2022-04-19,14353.7998046875,14353.7998046875,14364.5,14303.5
2022-04-20,14364.900390625,14364.900390625,14384.5,14275.26953125
2022-04-21,14351.0,14351.0,14359.2001953125,14279.25
2022-04-22,14382.0,14382.0,14492.0,14337.0
2022-04-25,14350.0,14350.0,14525.0,14350.0
2022-04-26,14478.0,14478.0,14476.5,14361.5
2022-04-27,14466.0,14466.0,14510.599609375,14345.5
2022-04-28,14447.5,14447.5,14528.900390625,14420.0
2022-04-29,14502.0,14502.0,14560.0,14398.5
2022-05-02,14490.0,14490.0,14565.0,14490.0
2022-05-03,14522.599609375,14522.599609375,14576.099609375,14458.5
2022-05-04,14491.0,14491.0,14507.0,14411.900390625
2022-05-05,14425.0,14425.0,14490.0,14386.0
2022-05-06,14458.7001953125,14458.7001953125,14501.5,14450.900390625
2022-05-09,14490.0,14490.0,14594.900390625,14490.0
2022-05-10,14552.2001953125,14552.2001953125,14620.7998046875,14508.5
2022-05-11,14520.7998046875,14520.7998046875,14560.7998046875,14490.400390625
2022-05-12,14543.400390625,14543.400390625,14671.599609375,14523.7001953125
2022-05-13,14632.099609375,14632.099609375,14669.5,14589.7001953125
2022-05-16,14606.0,14606.0,14744.7001953125,14596.7001953125
2022-05-17,14645.0,14645.0,14690.0,14606.0
2022-05-18,14630.599609375,14630.599609375,14731.5,14630.599609375
2022-05-19,14740.0,14740.0,14755.0,14568.5
2022-05-20,14626.7998046875,14626.7998046875,14683.7998046875,14618.0
2022-05-23,14645.0,14645.0,14671.7001953125,14609.900390625
2022-05-24,14619.2001953125,14619.2001953125,14687.099609375,14591.6796875
2022-05-25,14635.7998046875,14635.7998046875,14663.0,14588.5
2022-05-26,14597.0,14597.0,14631.400390625,14572.2001953125
2022-05-27,14584.2001953125,14584.2001953125,14626.0,14522.2001953125
2022-05-30,14570.0,14570.0,14571.0,14497.7998046875
2022-05-31,14538.400390625,14538.400390625,14594.0,14471.2802734375
2022-06-01,14543.900390625,14543.900390625,14574.0,14513.400390625
2022-06-02,14531.5,14531.5,14585.2001953125,14364.5
2022-06-03,14426.7998046875,14426.7998046875,14476.0,14385.0
2022-06-06,14431.0,14431.0,14472.0,14401.7001953125
2022-06-07,14435.2001953125,14435.2001953125,14473.7001953125,14435.2998046875
2022-06-08,14458.7998046875,14458.7998046875,14523.5,14411.5
2022-06-09,14495.2998046875,14495.2998046875,14592.599609375,14404.6201171875
2022-06-10,14611.7998046875,14611.7998046875,14647.0,14454.7001953125
2022-06-13,14546.0,14546.0,14808.2001953125,14496.16015625
2022-06-14,14795.0,14795.0,14804.0,14678.0
2022-06-15,14740.7998046875,14740.7998046875,14791.2001953125,14632.7001953125
2022-06-16,14681.0,14681.0,14872.0,14661.2001953125
2022-06-17,14776.099609375,14776.099609375,14854.5,14667.2998046875
2022-06-20,14816.0,14816.0,14848.2001953125,14753.8603515625
2022-06-21,14827.7001953125,14827.7001953125,14840.0,14774.7001953125
2022-06-22,14831.7001953125,14831.7001953125,14883.7001953125,14775.2001953125
2022-06-23,14843.0,14843.0,14872.0,14790.7001953125
2022-06-24,14841.7998046875,14841.7998046875,14861.599609375,14815.5
2022-06-27,14841.0,14841.0,14841.0,14779.599609375
2022-06-28,14791.0,14791.0,14853.5,14783.7001953125
2022-06-29,14857.0,14857.0,14876.7998046875,14823.400390625
2022-06-30,14877.0,14877.0,14984.0,14842.0
2022-07-01,14921.900390625,14921.900390625,15019.7998046875,14891.0
2022-07-04,14931.0,14931.0,15009.5,14925.7001953125
2022-07-05,15008.0,15008.0,15058.599609375,14885.2001953125
2022-07-06,15037.0,15037.0,15044.5,14990.0
2022-07-07,15010.0,15010.0,15014.2001953125,14938.0
2022-07-08,14964.599609375,14964.599609375,15003.7998046875,14941.2998046875
2022-07-11,14970.0,14970.0,15019.400390625,14939.7001953125
2022-07-12,14989.099609375,14989.099609375,15025.7001953125,14948.7001953125
2022-07-13,15010.0,15010.0,15060.5,14957.2001953125
2022-07-14,15030.400390625,15030.400390625,15100.2001953125,14981.0
2022-07-15,15037.099609375,15037.099609375,15121.0,14962.0
2022-07-18,14986.0,14986.0,15007.2001953125,14924.0
2022-07-19,14977.0,14977.0,15023.0,14911.0703125
2022-07-20,14960.7998046875,14960.7998046875,15029.0,14953.900390625
2022-07-21,15022.0,15022.0,15064.7998046875,14960.7001953125
2022-07-22,15004.2001953125,15004.2001953125,15066.0,14944.0
2022-07-25,15011.0,15011.0,15011.0,14943.5
2022-07-26,14978.0,14978.0,15019.400390625,14946.2998046875
2022-07-27,14982.7998046875,14982.7998046875,15026.2998046875,14953.2998046875
2022-07-28,14914.2001953125,14914.2001953125,14968.0,14877.2998046875
2022-07-29,14849.099609375,14849.099609375,14887.5,14822.5
2022-08-01,14826.0,14826.0,14886.900390625,14819.7001953125
2022-08-02,14838.0,14838.0,14912.7998046875,14837.0
2022-08-03,14890.099609375,14890.099609375,14916.0,14860.7001953125
2022-08-04,14900.0,14900.0,14950.2001953125,14878.7998046875
2022-08-05,14884.7001953125,14884.7001953125,14977.0,14872.5
2022-08-08,14886.0,14886.0,14938.0,14818.2001953125
2022-08-09,14831.2001953125,14831.2001953125,14871.2001953125,14821.2001953125
2022-08-10,14856.7001953125,14856.7001953125,14882.5,14777.2001953125
2022-08-11,14756.900390625,14756.900390625,14813.7001953125,14656.599609375
2022-08-12,14724.2001953125,14724.2001953125,14761.0,14648.5
2022-08-15,14661.0,14661.0,14776.5,14656.5
2022-08-16,14776.400390625,14776.400390625,14791.5,14747.0
2022-08-17,14747.099609375,14747.099609375,14789.7001953125,14721.900390625
2022-08-18,14764.099609375,14764.099609375,14852.2998046875,14754.5
2022-08-19,14845.7001953125,14845.7001953125,14909.099609375,14819.2001953125
2022-08-22,14831.0,14831.0,14944.099609375,14831.0
2022-08-23,14933.5,14933.5,14935.0,14821.0
2022-08-24,14850.0,14850.0,14874.7001953125,14796.2998046875
2022-08-25,14845.0,14845.0,14845.0,14766.099609375
2022-08-26,14773.0,14773.0,14823.2998046875,14742.5
2022-08-29,14811.0,14811.0,14909.900390625,14811.0
2022-08-30,14895.0,14895.0,14895.0,14812.5703125
2022-08-31,14850.0,14850.0,14869.099609375,14820.7001953125
2022-09-01,14855.0,14855.0,14905.900390625,14836.0
2022-09-02,14902.099609375,14902.099609375,14910.5,14857.400390625
2022-09-05,14890.0,14890.0,14939.0,14823.5
2022-09-06,14882.2998046875,14882.2998046875,14915.0,14849.5
2022-09-07,14904.0,14904.0,14961.599609375,14880.0
2022-09-08,14865.2998046875,14865.2998046875,14919.7001953125,14862.0
2022-09-09,14892.2998046875,14892.2998046875,14900.0,14806.400390625
2022-09-12,14823.0,14823.0,14890.099609375,14805.2001953125
2022-09-13,14858.7001953125,14858.7001953125,14948.400390625,14831.2001953125
2022-09-14,14954.900390625,14954.900390625,14980.7998046875,14868.2998046875
2022-09-15,14915.0,14915.0,14951.0,14871.099609375
2022-09-16,14933.599609375,14933.599609375,14997.7998046875,14891.0
2022-09-19,14946.0,14946.0,15002.900390625,14934.2001953125
2022-09-20,14985.7998046875,14985.7998046875,15043.099609375,14508.7001953125
2022-09-21,15008.599609375,15008.599609375,15039.0,14908.5
2022-09-22,15019.0,15019.0,15055.5,14908.2998046875
2022-09-23,15026.599609375,15026.599609375,15101.5,14957.830078125
2022-09-26,15031.0,15031.0,15183.400390625,15031.0
2022-09-27,15204.0,15204.0,15213.0,15043.41015625
2022-09-28,15167.2001953125,15167.2001953125,15319.2998046875,15116.0
2022-09-29,15175.2998046875,15175.2998046875,15282.7001953125,15142.099609375
2022-09-30,15175.2001953125,15175.2001953125,15279.099609375,15172.599609375
2022-10-03,15221.0,15221.0,15362.900390625,15221.0
2022-10-04,15290.0,15290.0,15309.5,15175.400390625
2022-10-05,15180.0,15180.0,15245.0,15142.400390625
2022-10-06,15206.7001953125,15206.7001953125,15249.0,15115.099609375
2022-10-07,15215.7998046875,15215.7998046875,15285.5,15181.0
2022-10-10,15246.0,15246.0,15343.0,15172.900390625
2022-10-11,15343.0,15343.0,15374.7998046875,15305.0
2022-10-12,15338.5,15338.5,15390.2001953125,15330.5
2022-10-13,15318.599609375,15318.599609375,15429.099609375,15265.7001953125
2022-10-14,15364.0,15364.0,15487.0,15331.599609375
2022-10-17,15420.0,15420.0,15510.7001953125,15420.0
2022-10-18,15441.400390625,15441.400390625,15492.5,15428.599609375
2022-10-19,15466.2001953125,15466.2001953125,15536.7998046875,15448.900390625
2022-10-20,15620.0,15620.0,15620.0,15516.5
2022-10-21,15562.0,15562.0,15649.7001953125,15501.099609375
2022-10-24,15626.0,15626.0,15626.0,15528.5
2022-10-25,15586.5,15586.5,15634.0,15510.099609375
2022-10-26,15549.0,15549.0,15616.0,15491.7001953125
2022-10-27,15502.7001953125,15502.7001953125,15587.0,15474.599609375
2022-10-28,15554.2001953125,15554.2001953125,15573.5,15509.7001953125
2022-10-31,15549.2001953125,15549.2001953125,15656.7998046875,15545.0
2022-11-01,15649.0,15649.0,15656.2001953125,15591.0
2022-11-02,15690.0,15690.0,15690.0,15607.7998046875
2022-11-03,15696.0,15696.0,15800.5,15630.900390625
2022-11-04,15780.0,15780.0,15780.0,15591.7998046875
2022-11-07,15609.5,15609.5,15731.0,15578.0
2022-11-08,15675.0,15675.0,15721.0,15572.599609375
2022-11-09,15645.0,15645.0,15691.0,15601.5
2022-11-10,15671.5,15671.5,15714.5,15518.900390625
2022-11-11,15500.0,15500.0,15570.7998046875,15280.2001953125
2022-11-14,15473.900390625,15473.900390625,15591.099609375,15424.2998046875
2022-11-15,15530.099609375,15530.099609375,15586.2001953125,15494.0
2022-11-16,15557.0,15557.0,15637.0,15531.0
2022-11-17,15655.0,15655.0,15757.099609375,15596.0
2022-11-18,15720.0,15720.0,15720.0,15640.099609375
2022-11-21,15629.400390625,15629.400390625,15736.0,15664.2001953125
2022-11-22,15755.0,15755.0,15756.2998046875,15660.7998046875
2022-11-23,15671.0,15671.0,15705.900390625,15590.7998046875
2022-11-24,15619.599609375,15619.599609375,15680.0,15616.400390625
2022-11-25,15605.0,15605.0,15721.7998046875,15605.0
2022-11-28,15675.099609375,15675.099609375,15745.599609375,15666.0
2022-11-29,15746.0,15746.0,15748.599609375,15702.400390625
2022-11-30,15726.5,15726.5,15743.7001953125,15661.5
2022-12-01,15634.5,15634.5,15644.099609375,15384.7001953125
2022-12-02,15355.5,15355.5,15450.2001953125,15286.0
2022-12-05,15421.0,15421.0,15472.2001953125,15327.2998046875
2022-12-06,15520.2998046875,15520.2998046875,15667.900390625,15461.0
2022-12-07,15623.0,15623.0,15655.2998046875,15531.0
2022-12-08,15596.0,15596.0,15637.599609375,15566.5
2022-12-09,15590.0,15590.0,15614.0,15459.0
2022-12-12,15582.0,15582.0,15678.7001953125,15576.0
2022-12-13,15676.2998046875,15676.2998046875,15685.5,15503.5
2022-12-14,15554.7001953125,15554.7001953125,15647.7001953125,15545.0
2022-12-15,15481.0,15481.0,15673.0,15481.0
2022-12-16,15626.0,15626.0,15640.5,15579.7998046875
2022-12-19,15615.900390625,15615.900390625,15621.0,15539.5
2022-12-20,15567.5,15567.5,15649.2998046875,15508.2001953125
2022-12-21,15556.0,15556.0,15633.0,15512.400390625
2022-12-22,15513.0,15513.0,15591.2998046875,15500.0
2022-12-23,15563.0,15563.0,15606.0,15559.2998046875
2022-12-26,15565.900390625,15565.900390625,15637.5,15554.2998046875
2022-12-27,15607.0,15607.0,15687.2998046875,15600.2998046875
2022-12-28,15617.5,15617.5,15795.2998046875,15615.0
2022-12-29,15789.0,15789.0,15789.0,15598.099609375
2022-12-30,15620.0,15620.0,15651.0,15371.400390625
2023-01-02,15508.7998046875,15508.7998046875,15588.7001953125,15463.900390625
2023-01-03,15550.0,15550.0,15638.7998046875,15514.900390625
2023-01-04,15571.7998046875,15571.7998046875,15627.5,15553.5
2023-01-05,15560.0,15560.0,15640.900390625,15558.5
2023-01-06,15620.0,15620.0,15692.099609375,15558.099609375
2023-01-09,15602.2998046875,15602.2998046875,15626.0,15545.7998046875
2023-01-10,15580.0,15580.0,15606.5,15516.5
2023-01-11,15528.900390625,15528.900390625,15576.400390625,15429.5
2023-01-12,15414.0,15414.0,15476.0,15145.900390625
2023-01-13,15172.0,15172.0,15231.5,15106.900390625
2023-01-16,15114.7998046875,15114.7998046875,15138.0,14974.2001953125
2023-01-17,15082.0,15082.0,15206.5,15067.0
2023-01-18,15162.0,15162.0,15192.2001953125,15010.7998046875
2023-01-19,15096.0,15096.0,15193.599609375,15081.0
2023-01-20,15141.0,15141.0,15164.7001953125,15022.2998046875
2023-01-23,15055.900390625,15055.900390625,15068.0,14969.599609375
2023-01-24,15007.0,15007.0,15068.0,14857.400390625
2023-01-25,14955.5,14955.5,14993.7001953125,14881.0
2023-01-26,14938.7001953125,14938.7001953125,14981.599609375,14926.0
2023-01-27,14942.5,14942.5,14993.5,14937.0
2023-01-30,14970.400390625,14970.400390625,14995.900390625,14956.2998046875
2023-01-31,14995.0,14995.0,15059.0,14963.0
2023-02-01,14990.7001953125,14990.7001953125,15017.5,14943.5
2023-02-02,14855.0,14855.0,14911.5,14824.7998046875
2023-02-03,14881.0,14881.0,15048.0,14848.099609375
2023-02-06,15078.7998046875,15078.7998046875,15231.900390625,14886.0
2023-02-07,15200.0,15200.0,15202.0,15095.7998046875
2023-02-08,15147.0,15147.0,15151.2998046875,15079.599609375
2023-02-09,15117.0,15117.0,15141.5,15078.0
2023-02-10,15140.0,15140.0,15227.900390625,15114.0
2023-02-13,15182.2001953125,15182.2001953125,15253.099609375,15178.0
2023-02-14,15211.0,15211.0,15221.0,15096.2998046875
2023-02-15,15179.0,15179.0,15264.099609375,15156.0
2023-02-16,15210.0,15210.0,15210.0,15089.7001953125
2023-02-17,15142.0,15142.0,15235.900390625,15137.0
2023-02-20,15159.0,15159.0,15184.7998046875,15129.7998046875
2023-02-21,15162.5,15162.5,15221.0,15139.900390625
2023-02-22,15233.0,15233.0,15235.099609375,15173.0
2023-02-23,15192.0,15192.0,15223.7998046875,15157.7998046875
2023-02-24,15210.0,15210.0,15273.7998046875,15188.5
2023-02-27,15257.7001953125,15257.7001953125,15286.5,15216.599609375
2023-02-28,15209.0,15209.0,15285.599609375,15203.5
2023-03-01,15240.0,15240.0,15271.5,15212.0
2023-03-02,15243.0,15243.0,15333.2998046875,15232.5
2023-03-03,15322.0,15322.0,15342.099609375,15267.0
2023-03-06,15255.099609375,15255.099609375,15346.2001953125,15283.0
2023-03-07,15352.0,15352.0,15417.0,15329.5
2023-03-08,15437.0,15437.0,15468.5,15401.2001953125
2023-03-09,15450.0,15450.0,15469.5,15419.0
2023-03-10,15489.0,15489.0,15505.099609375,15427.0
2023-03-13,15472.599609375,15472.599609375,15465.5,15345.900390625
2023-03-14,15409.0,15409.0,15410.0,15345.0
2023-03-15,15372.0,15372.0,15504.0,15336.0
2023-03-16,15479.0,15479.0,15480.0,15367.900390625
2023-03-17,15422.0,15422.0,15422.0,15338.0
2023-03-20,15368.5,15368.5,15391.7998046875,15334.0
2023-03-21,15340.0,15340.0,15354.5,15284.0
2023-03-22,15294.0,15294.0,15308.5,15239.0
2023-03-23,15251.0,15251.0,15256.0,15031.7001953125
2023-03-24,15047.0,15047.0,15213.2998046875,15054.900390625
2023-03-27,15148.0,15148.0,15194.0,15107.0
2023-03-28,15107.5,15107.5,15111.5,15046.0
2023-03-29,15061.0,15061.0,15102.7998046875,15033.0
2023-03-30,15031.5,15031.5,15081.0,15017.0
2023-03-31,15020.0,15020.0,15024.2998046875,14838.0
2023-04-03,14988.0,14988.0,15014.0,14848.599609375
2023-04-04,14915.0,14915.0,14947.2001953125,14854.7001953125
2023-04-05,14958.0,14958.0,14972.7998046875,14896.0
2023-04-06,14956.0,14956.0,14969.0,14908.0
2023-04-07,14932.0,14932.0,14947.0,14908.0
2023-04-10,14906.0,14906.0,14960.7998046875,14892.0
2023-04-11,14955.0,14955.0,14956.0,14870.0
2023-04-12,14913.0,14913.0,14925.0,14800.2001953125
2023-04-13,14823.5,14823.5,14840.7998046875,14678.7998046875
2023-04-14,14720.0,14720.0,14792.0,14638.0
2023-04-17,14693.0,14693.0,14891.900390625,14693.0
2023-04-18,14860.0,14860.0,14902.400390625,14799.0
2023-04-19,14890.0,14890.0,15022.7001953125,14837.099609375
2023-04-20,15006.0,15006.0,15006.0,14913.0
2023-04-21,14946.0,14946.0,14982.5,14918.2998046875
2023-04-24,14838.0,14838.0,14984.7998046875,14838.0
2023-04-25,14945.0,14945.0,14954.599609375,14908.0
2023-04-26,14935.0,14935.0,14949.0,14809.0
2023-04-27,14841.5,14841.5,14845.5,14684.2001953125
2023-04-28,14684.0,14684.0,14703.099609375,14627.900390625
2023-05-01,14663.0,14663.0,14682.5,14631.0
2023-05-02,14671.5,14671.5,14748.2998046875,14628.2001953125
2023-05-03,14752.5,14752.5,14753.0,14660.0
2023-05-04,14680.5,14680.5,14754.599609375,14570.0
2023-05-05,14700.0,14700.0,14711.2001953125,14632.0
2023-05-08,14668.0,14668.0,14742.0,14667.099609375
2023-05-09,14750.0,14750.0,14772.7998046875,14722.0
2023-05-10,14767.0,14767.0,14769.0,14657.0
2023-05-11,14691.0,14691.0,14766.0,14673.5
2023-05-12,14770.5,14770.5,14851.7001953125,14730.0
2023-05-15,14743.0,14743.0,14828.599609375,14743.0
2023-05-16,14795.0,14795.0,14864.2998046875,14767.0
2023-05-17,14885.0,14885.0,14903.2998046875,14844.7998046875
2023-05-18,14876.5,14876.5,14915.0,14833.2998046875
2023-05-19,14916.0,14916.0,14976.0,14876.0
2023-05-22,14918.0,14918.0,14920.0,14860.0
2023-05-23,14886.0,14886.0,14910.7998046875,14842.0
2023-05-24,14895.0,14895.0,14935.7001953125,14867.2001953125
2023-05-25,14945.900390625,14945.900390625,14968.2001953125,14911.7998046875
2023-05-26,14970.0,14970.0,14997.400390625,14921.7998046875
2023-05-29,14948.0,14948.0,14980.2998046875,14940.099609375
2023-05-30,14960.0,14960.0,15018.599609375,14924.7998046875
2023-05-31,14979.0,14979.0,15018.400390625,14959.0
2023-06-01,14984.0,14984.0,14985.0,14893.0
2023-06-02,14907.0,14907.0,14913.0,14754.0
2023-06-05,14983.0,14983.0,14983.0,13636.599609375
2023-06-06,14849.5,14849.5,14892.099609375,14812.7998046875
2023-06-07,14872.0,14872.0,14891.5,14813.0
2023-06-08,14889.0,14889.0,14904.7998046875,14819.5
2023-06-09,14836.0,14836.0,14871.7998046875,14818.0
2023-06-12,14833.0,14833.0,14901.099609375,14833.0
2023-06-13,14871.5,14871.5,14885.5,14807.0
2023-06-14,14869.0,14869.0,14926.7001953125,14829.400390625
2023-06-15,14909.0,14909.0,14984.7998046875,14887.5
2023-06-16,14897.0,14897.0,14964.900390625,14898.0
2023-06-19,14928.0,14928.0,15006.7001953125,14928.0
2023-06-20,15008.0,15008.0,15063.099609375,14992.7998046875
2023-06-21,15016.0,15016.0,15036.400390625,14915.0
2023-06-22,14943.0,14943.0,14973.7001953125,14885.0
2023-06-23,14935.0,14935.0,15056.0,14902.0
2023-06-26,14987.0,14987.0,15062.5,14987.0
2023-06-27,15039.0,15039.0,15050.7001953125,14940.0
2023-06-28,14982.5,14982.5,15020.900390625,14951.400390625
2023-06-29,14981.0,14981.0,15080.400390625,14980.0
2023-06-30,15064.0,15064.0,15084.099609375,15014.0
2023-07-03,14986.0,14986.0,15071.599609375,14986.0
2023-07-04,15056.0,15056.0,15056.0,14983.0
2023-07-05,15010.0,15010.0,15076.400390625,14993.0
2023-07-06,15077.0,15077.0,15202.0,15039.0
2023-07-07,15189.2998046875,15189.2998046875,15193.2001953125,15115.5
2023-07-10,15128.0,15128.0,15248.099609375,15128.0
2023-07-11,15216.0,15216.0,15217.0,15132.0
2023-07-12,15156.7998046875,15156.7998046875,15158.2998046875,14506.5
2023-07-13,14928.0,14928.0,15001.099609375,14920.900390625
2023-07-14,14954.0,14954.0,14989.7001953125,13082.0
2023-07-17,14951.0,14951.0,15025.400390625,14886.2001953125
2023-07-18,14982.5,14982.5,15000.5,14954.5
2023-07-19,14986.0,14986.0,15026.099609375,14954.599609375
2023-07-20,14992.0,14992.0,15057.2998046875,14953.7998046875
2023-07-21,15051.5,15051.5,15051.099609375,14986.0
2023-07-24,15018.0,15018.0,15055.599609375,15000.0
2023-07-25,15021.5,15021.5,15042.2001953125,14978.0
2023-07-26,15032.0,15032.0,15062.7998046875,14990.0
2023-07-27,15007.0,15007.0,15060.7998046875,14978.0
2023-07-28,15095.0,15095.0,15132.0,15031.900390625
2023-07-31,15088.0,15088.0,15107.7001953125,15053.7998046875
2023-08-01,15104.0,15104.0,15147.400390625,15084.5
2023-08-02,15131.0,15131.0,15206.400390625,15117.0
2023-08-03,15220.0,15220.0,15221.7998046875,15126.0
2023-08-04,15161.0,15161.0,15194.7001953125,15093.0
2023-08-07,15163.0,15163.0,15209.099609375,15129.5
2023-08-08,15232.0,15232.0,15245.2998046875,15193.0
2023-08-09,15207.2001953125,15207.2001953125,15209.0,15151.7001953125
2023-08-10,15207.0,15207.0,15209.900390625,15116.5
2023-08-11,15259.0,15259.0,15308.099609375,15198.0
2023-08-14,15317.0,15317.0,15353.099609375,15279.7998046875
2023-08-15,15347.0,15347.0,15357.2998046875,15147.7998046875
2023-08-16,15311.5,15311.5,15347.400390625,15269.099609375
2023-08-17,15362.0,15362.0,15389.0,15325.0
2023-08-18,15362.5,15362.5,15373.900390625,15281.599609375
2023-08-21,15278.0,15278.0,15331.900390625,15278.0
2023-08-22,15318.900390625,15318.900390625,15322.0,15308.0
2023-08-23,15317.0,15317.0,15322.0,15291.0
2023-08-24,15294.099609375,15294.099609375,15294.099609375,15233.0
2023-08-25,15239.0,15239.0,15298.0,15239.0
2023-08-28,15288.0,15288.0,15304.7001953125,15238.0
2023-08-29,15255.5,15255.5,15274.2998046875,15186.0
2023-08-30,15196.5,15196.5,15248.7998046875,15126.7001953125
2023-08-31,15216.0,15216.0,15261.7001953125,15178.400390625
2023-09-01,15231.0,15231.0,15266.400390625,15046.7998046875
2023-09-04,15233.0,15233.0,15249.0,15185.0
2023-09-05,15227.0,15227.0,15293.2001953125,15216.400390625
2023-09-06,15298.0,15298.0,15343.2998046875,15282.2001953125
2023-09-07,15336.0,15336.0,15347.0,15311.0
2023-09-08,15342.0,15342.0,15368.2998046875,15319.0
2023-09-11,15318.0,15318.0,15370.5,15318.0
2023-09-12,15339.099609375,15339.099609375,15372.7998046875,15323.0
2023-09-13,15350.2001953125,15350.2001953125,15386.7998046875,15336.099609375
2023-09-14,15353.0,15353.0,15384.5,15335.7001953125
2023-09-15,15395.0,15395.0,15397.0,15344.0
2023-09-18,15346.0,15346.0,15382.0,15339.0
2023-09-19,15377.0,15377.0,15389.599609375,15357.2001953125
2023-09-20,15384.5,15384.5,15395.599609375,15316.0
2023-09-21,15361.0,15361.0,15404.7001953125,15324.2998046875
2023-09-22,15400.5,15400.5,15401.0,15353.0
2023-09-25,15368.0,15368.0,15415.2001953125,15352.0
2023-09-26,15405.0,15405.0,15507.0,15395.599609375
2023-09-27,15493.0,15493.0,15559.2998046875,15452.099609375
2023-09-28,15569.0,15569.0,15597.5,15413.0
2023-09-29,15474.0,15474.0,15506.0,15443.599609375
2023-10-02,15448.0,15448.0,15578.599609375,15395.7998046875
2023-10-03,15516.0,15516.0,15614.900390625,15508.7001953125
2023-10-04,15622.0,15622.0,15646.400390625,15068.0
2023-10-05,15591.0,15591.0,15642.0,15562.5
2023-10-06,15631.0,15631.0,15699.7001953125,15535.2998046875
2023-10-09,15603.0,15603.0,15717.0,15546.099609375
2023-10-10,15691.400390625,15691.400390625,15759.7001953125,15657.0
2023-10-11,15718.5,15718.5,15730.099609375,15650.0
2023-10-12,15693.0,15693.0,15726.5,15632.099609375
2023-10-13,15739.0,15739.0,15744.0,15669.0
2023-10-16,15676.0,15676.0,15731.7998046875,15676.0
2023-10-17,15675.0,15675.0,15739.0,15667.0
2023-10-18,15728.2001953125,15728.2001953125,15811.7001953125,15705.0
2023-10-19,15807.0,15807.0,15869.0,15760.0
2023-10-20,15856.0,15856.0,15889.5,15806.7998046875
2023-10-23,15868.0,15868.0,15972.7001953125,15810.599609375
2023-10-24,15874.0,15874.0,15902.0,15825.5
2023-10-25,15868.0,15868.0,15892.2001953125,15832.400390625
2023-10-26,15877.5,15877.5,15938.099609375,15874.0
2023-10-27,15920.0,15920.0,15955.5,15874.0
2023-10-30,15903.5,15903.5,15933.0,15843.099609375
2023-10-31,15843.0,15843.0,15940.2001953125,15842.0
2023-11-01,15748.7001953125,15748.7001953125,15969.2998046875,15745.0
2023-11-02,15900.0,15900.0,15900.0,15764.099609375
2023-11-03,15838.0,15838.0,15847.0,15567.400390625
2023-11-06,15582.099609375,15582.099609375,15624.0,15445.0
2023-11-07,15570.0,15570.0,15677.5,15539.900390625
2023-11-08,15643.599609375,15643.599609375,15700.2001953125,15587.0
2023-11-09,15616.0,15616.0,15679.099609375,15595.7001953125
2023-11-10,15713.7001953125,15713.7001953125,15718.5,15651.5
2023-11-13,15683.0,15683.0,15720.099609375,15678.599609375
2023-11-14,15667.0,15667.0,15712.7001953125,15289.5
2023-11-15,15281.0,15281.0,15550.400390625,15281.0
2023-11-16,15487.7998046875,15487.7998046875,15620.5,15478.5
2023-11-17,15475.0,15475.0,15529.2998046875,15322.7998046875
2023-11-20,15399.400390625,15399.400390625,15454.099609375,15329.0
2023-11-21,15382.099609375,15382.099609375,15535.900390625,15230.0
2023-11-22,15501.2998046875,15501.2998046875,15641.0,15487.099609375
2023-11-23,15612.7998046875,15612.7998046875,15650.0,15470.5
2023-11-24,15495.0,15495.0,15605.2998046875,15328.7998046875
2023-11-27,15560.0,15560.0,15555.0,15460.599609375
2023-11-28,15466.5,15466.5,15490.0,15337.2998046875
2023-11-29,15259.0,15259.0,15456.0,15365.0
2023-11-30,15407.0,15407.0,15557.2998046875,15157.400390625
2023-12-01,15549.2998046875,15549.2998046875,15549.2998046875,15384.900390625
2023-12-04,15437.400390625,15437.400390625,15504.5,15417.2001953125
2023-12-05,15519.900390625,15519.900390625,15519.900390625,15234.2001953125
2023-12-06,15457.0,15457.0,15533.099609375,15423.7998046875
2023-12-07,15480.0,15480.0,15556.900390625,15478.2001953125
2023-12-08,15500.0,15500.0,15558.0,14982.0
2023-12-11,15560.2001953125,15560.2001953125,15672.099609375,15435.900390625
2023-12-12,15647.0,15647.0,15650.2998046875,15448.5
2023-12-13,15569.0,15569.0,15679.0,15566.599609375
2023-12-14,15275.0,15275.0,15528.900390625,15275.0
2023-12-15,15468.0,15468.0,15595.0,15428.2998046875
2023-12-18,15282.7998046875,15282.7998046875,15569.900390625,15433.2998046875
2023-12-19,15454.400390625,15454.400390625,15525.2998046875,15400.0
2023-12-20,15455.0,15455.0,15532.0,15449.7998046875
2023-12-21,15518.0,15518.0,15540.7001953125,15369.7001953125
2023-12-22,15440.0,15440.0,15515.0,14610.0
2023-12-25,15409.2001953125,15409.2001953125,15460.0,15460.0
2023-12-26,15460.0,15460.0,15460.0,15398.5
2023-12-27,15400.0,15400.0,15434.0,15347.400390625
2023-12-28,15373.0,15373.0,15443.0,15369.2001953125
2023-12-29,15425.0,15425.0,15536.5,14416.5
2024-01-01,15383.099609375,15383.099609375,15383.0,15383.0
2024-01-02,15383.0,15383.0,15543.0,15350.900390625
2024-01-03,15498.0,15498.0,15572.2998046875,15401.7998046875
2024-01-04,15555.0,15555.0,15555.0,15476.099609375
2024-01-05,15511.0,15511.0,15553.0,14379.7998046875
2024-01-08,15477.5,15477.5,15546.7001953125,15473.400390625
2024-01-09,15495.5,15495.5,15553.7998046875,15478.7001953125
2024-01-10,15534.5,15534.5,15587.400390625,15526.7001953125
2024-01-11,15555.0,15555.0,15618.0,15483.900390625
2024-01-12,15556.5,15556.5,15582.0,15505.0
2024-01-15,15503.2001953125,15503.2001953125,15566.7998046875,15537.0
2024-01-16,15546.0,15546.0,15634.0,15539.2998046875
2024-01-17,15625.0,15625.0,15656.2998046875,15598.0
2024-01-18,15624.0,15624.0,15643.2998046875,15592.2998046875
2024-01-19,15613.099609375,15613.099609375,15639.900390625,15582.0
2024-01-22,15601.0,15601.0,15679.7001953125,15585.099609375
2024-01-23,15655.5,15655.5,15727.7998046875,15625.599609375
2024-01-24,15715.0,15715.0,15734.7998046875,15651.0
2024-01-25,15714.5,15714.5,15876.5,15403.2998046875
2024-01-26,15808.0,15808.0,15844.2998046875,15729.099609375
2024-01-29,15767.599609375,15767.599609375,15833.599609375,15768.0
2024-01-30,15828.0,15828.0,15830.0,15759.0
2024-01-31,15785.0,15785.0,15813.2998046875,15726.0
2024-02-01,15769.0,15769.0,15793.2001953125,15705.599609375
2024-02-02,15726.0,15726.0,15754.0,15519.599609375
2024-02-05,15727.2001953125,15727.2001953125,15791.0,15676.7998046875
2024-02-06,15711.5,15711.5,15774.7001953125,15693.5
2024-02-07,15733.0,15733.0,15740.0,15608.0
2024-02-08,15647.0,15647.0,15676.0,15607.0
2024-02-09,15660.2998046875,15660.2998046875,15661.2998046875,15583.2998046875
2024-02-12,15598.0,15598.0,15629.2001953125,15541.7001953125
2024-02-13,15579.5,15579.5,15687.0,15278.599609375
2024-02-14,15661.5,15661.5,15712.599609375,15564.0
2024-02-15,15553.099609375,15553.099609375,15651.2998046875,15544.0
2024-02-16,15672.0,15672.0,15683.0,15578.0
2024-02-19,15628.599609375,15628.599609375,15646.5,15613.0
2024-02-20,15634.0,15634.0,15670.099609375,15620.2998046875
2024-02-21,15661.0,15661.0,15682.099609375,15611.0
2024-02-22,15642.0,15642.0,15660.400390625,15562.0
2024-02-23,15588.0,15588.0,15631.0,15568.0
2024-02-26,15586.099609375,15586.099609375,15660.0,15587.0
2024-02-27,15638.5,15638.5,15663.900390625,15625.0
2024-02-28,15653.0,15653.0,15733.0,15643.0
2024-02-29,15712.2001953125,15712.2001953125,15752.0,15673.0
2024-03-01,15704.0,15704.0,15748.599609375,15681.0
2024-03-04,15691.900390625,15691.900390625,15750.900390625,15681.2998046875
2024-03-05,15766.0,15766.0,15781.099609375,15723.7998046875
2024-03-06,15751.5,15751.5,15751.5,15639.0
2024-03-07,15668.0,15668.0,15687.400390625,15601.0
2024-03-08,15621.0,15621.0,15636.599609375,14784.400390625
2024-03-11,15536.2998046875,15536.2998046875,15583.0,15381.0
2024-03-12,15518.0,15518.0,15548.0,15151.2001953125
2024-03-13,15546.0,15546.0,15596.0,15534.2001953125
2024-03-14,15574.0,15574.0,15629.5,15561.0
2024-03-15,15630.0,15630.0,15638.2001953125,15588.0
2024-03-18,15639.2998046875,15639.2998046875,15725.7998046875,15614.0
2024-03-19,15743.0,15743.0,15749.099609375,15691.0
2024-03-20,15718.0,15718.0,15753.5,15689.2001953125
2024-03-21,15687.0,15687.0,15724.599609375,15634.0
2024-03-22,15723.5,15723.5,15858.2001953125,15245.2001953125
2024-03-25,15802.599609375,15802.599609375,15820.7001953125,15740.5
2024-03-26,15784.0,15784.0,15825.2998046875,15761.099609375
2024-03-27,15828.0,15828.0,15914.5,15797.0
2024-03-28,15877.0,15877.0,15893.5,15853.0
2024-03-29,15877.0,15877.0,15896.400390625,15828.2001953125
2024-04-01,15848.0,15848.0,15956.5,15848.0
2024-04-02,15945.7998046875,15945.7998046875,15957.900390625,15888.0
2024-04-03,15955.0,15955.0,15950.400390625,15903.0
2024-04-04,15936.0,15936.0,15943.2001953125,15854.0
2024-04-05,15904.5,15904.5,15916.7998046875,15754.400390625
2024-04-08,15881.0,15881.0,15922.400390625,15863.0
2024-04-09,15918.0,15918.0,15918.0,15826.400390625
2024-04-10,15892.2998046875,15892.2998046875,15970.900390625,15660.599609375
2024-04-11,15998.2001953125,15998.2001953125,16025.0,15919.5
2024-04-12,16007.0,16007.0,16148.400390625,15990.0
2024-04-15,16111.0,16111.0,16145.7998046875,16034.7998046875
2024-04-16,16075.0,16075.0,16309.400390625,15853.5
2024-04-17,16312.2001953125,16312.2001953125,16312.2001953125,15317.0
2024-04-18,16246.0,16246.0,16257.0,16148.400390625
2024-04-19,16220.0,16220.0,16300.7998046875,15980.099609375
2024-04-22,16210.2998046875,16210.2998046875,16268.599609375,16199.099609375
2024-04-23,16246.0,16246.0,16244.099609375,16129.900390625
2024-04-24,16140.2001953125,16140.2001953125,16242.400390625,16100.2998046875
2024-04-25,16220.0,16220.0,16235.0,16065.400390625
2024-04-26,16202.0,16202.0,16261.7998046875,16137.599609375
2024-04-29,16203.0,16203.0,16268.7001953125,16203.0
2024-04-30,16246.0,16246.0,16278.400390625,16216.7001953125
2024-05-01,16273.0,16273.0,16274.900390625,16191.2001953125
2024-05-02,16190.400390625,16190.400390625,16253.0,16103.0
2024-05-03,16097.0,16097.0,16103.0,14893.7998046875
2024-05-06,16077.0,16077.0,16077.0,15950.5
2024-05-07,16034.0,16034.0,16070.599609375,16020.0
2024-05-08,16073.0,16073.0,16098.2001953125,16037.0
2024-05-09,16074.0,16074.0,16075.0,16028.0
2024-05-10,16030.0,16030.0,16067.5,16004.0
2024-05-13,16038.0,16038.0,16125.400390625,16038.0
2024-05-14,16121.0,16121.0,16134.5,16082.0
2024-05-15,16102.0,16102.0,16111.0,15516.599609375
2024-05-16,15914.0,15914.0,15949.7998046875,15875.0
2024-05-17,15930.7998046875,15930.7998046875,15986.5,15921.7998046875
2024-05-20,15958.0,15958.0,16006.2998046875,15943.400390625
2024-05-21,16031.0,16031.0,16045.0,15947.2001953125
2024-05-22,16005.0,16005.0,16051.0,15959.400390625
2024-05-23,16040.7001953125,16040.7001953125,16078.2001953125,16005.2001953125
2024-05-24,16095.0,16095.0,16113.2001953125,16022.0
2024-05-27,16038.0,16038.0,16088.099609375,15915.01953125
2024-05-28,16071.0,16071.0,16102.400390625,16059.0
2024-05-29,16117.0,16117.0,16241.2998046875,16105.0
2024-05-30,16232.099609375,16232.099609375,16277.7998046875,16190.0
2024-05-31,16228.0,16228.0,16267.2998046875,16219.5
2024-06-03,16243.0,16243.0,16249.0,16198.0
2024-06-04,16203.0,16203.0,16298.2998046875,16181.0
2024-06-05,16276.0,16276.0,16346.0,16247.0
2024-06-06,16315.0,16315.0,16315.0,16229.099609375
2024-06-07,16241.7001953125,16241.7001953125,16280.7001953125,15619.0
2024-06-10,16270.0,16270.0,16309.2998046875,16260.0
2024-06-11,16312.0,16312.0,16317.7998046875,16278.0
2024-06-12,16305.400390625,16305.400390625,16308.0,15968.0
2024-06-13,16230.0,16230.0,16293.5,16056.5
2024-06-14,16286.0,16286.0,16486.0,16277.0
2024-06-17,16479.900390625,16479.900390625,16480.80078125,16355.2001953125
2024-06-18,16479.0,16479.0,16479.0,16361.7998046875
2024-06-19,16379.0,16379.0,16408.900390625,16337.099609375
2024-06-20,16380.900390625,16380.900390625,16510.19921875,16358.0
2024-06-21,16491.900390625,16491.900390625,16489.400390625,16423.0
2024-06-24,16443.0,16443.0,16474.30078125,16331.2998046875
2024-06-25,16394.099609375,16394.099609375,16403.0,16353.0
2024-06-26,16401.0,16401.0,16448.0,16390.0
2024-06-27,16434.0,16434.0,16434.0,16349.0
2024-06-28,16374.400390625,16374.400390625,16416.80078125,16310.0
2024-07-01,16343.0,16343.0,16375.400390625,16306.0
2024-07-02,16390.0,16390.0,16401.900390625,16351.099609375
2024-07-03,16391.0,16391.0,16396.5,16271.900390625
2024-07-04,16340.0,16340.0,16350.2998046875,16307.0
2024-07-05,16328.5,16328.5,16339.0,16174.7001953125
2024-07-08,16245.0,16245.0,16291.7998046875,16239.5
2024-07-09,16277.2001953125,16277.2001953125,16309.2998046875,16245.0
2024-07-10,16277.0,16277.0,16289.099609375,16197.0
2024-07-11,16198.0,16198.0,16212.5,15640.0
2024-07-12,16104.0,16104.0,16160.2998046875,16069.099609375
2024-07-15,16108.0,16108.0,16196.599609375,16108.0
2024-07-16,16195.0,16195.0,16210.7001953125,16138.900390625
2024-07-17,16173.0,16173.0,16173.0,16084.5
2024-07-18,16138.0,16138.0,16188.900390625,16122.5
2024-07-19,16185.0,16185.0,16219.900390625,16139.2001953125
2024-07-22,16206.0,16206.0,16233.2001953125,14633.0
2024-07-23,16220.2001953125,16220.2001953125,16230.0,16180.0
2024-07-24,16222.0,16222.0,16252.5,16205.5
2024-07-25,16246.0,16246.0,16330.7998046875,16229.7998046875
2024-07-26,16337.7998046875,16337.7998046875,16337.7998046875,16244.0
2024-07-29,16283.0,16283.0,16294.599609375,16261.599609375
2024-07-30,16301.7001953125,16301.7001953125,16335.099609375,16286.7001953125
2024-07-31,16328.5,16328.5,16330.0,16247.0
2024-08-01,16255.0,16255.0,16270.0,16210.0
2024-08-02,16281.0,16281.0,16284.0,15814.7001953125
2024-08-05,16012.0,16012.0,16221.7998046875,16012.0
2024-08-06,16208.0,16208.0,16216.2001953125,16135.7001953125
2024-08-07,16152.2998046875,16152.2998046875,16168.0,15987.0
2024-08-08,16023.0,16023.0,16023.099609375,15751.7998046875
2024-08-09,15979.0,15979.0,15981.099609375,15883.0
2024-08-12,15918.0,15918.0,15992.2998046875,15907.5
2024-08-13,15949.099609375,15949.099609375,15948.0,15734.599609375
2024-08-14,15749.0,15749.0,15747.900390625,15460.2998046875
2024-08-15,15619.5,15619.5,15788.0,15555.2998046875
2024-08-16,15755.0,15755.0,15766.0,14966.0
2024-08-19,15683.0,15683.0,15683.0,15535.2998046875
2024-08-20,15523.0,15523.0,15546.0,15401.0
2024-08-21,15442.0,15442.0,15521.099609375,15417.0
2024-08-22,15484.0,15484.0,15713.400390625,15461.7001953125
2024-08-23,15728.5,15728.5,15744.0,15417.7998046875
2024-08-26,15377.2001953125,15377.2001953125,15471.0,15287.599609375
2024-08-27,15462.599609375,15462.599609375,15552.900390625,15443.0
2024-08-28,15467.099609375,15467.099609375,15520.400390625,15367.7998046875
2024-08-29,15440.0,15440.0,15466.099609375,15257.599609375
2024-08-30,15444.7998046875,15444.7998046875,15527.5,15383.7998046875
2024-09-02,15525.0,15525.0,15556.2998046875,15506.5
2024-09-03,15520.099609375,15520.099609375,15585.5,15441.7998046875
2024-09-04,15532.900390625,15532.900390625,15550.099609375,15421.5
2024-09-05,15444.400390625,15444.400390625,15449.0,15340.2998046875
2024-09-06,15417.0,15417.0,15439.0,15249.2001953125
2024-09-09,15405.0,15405.0,15504.7001953125,15316.5
2024-09-10,15456.7998046875,15456.7998046875,15489.0,15411.5
2024-09-11,15489.0,15489.0,15489.099609375,15372.5
2024-09-12,15437.0,15437.0,15463.2998046875,15396.7001953125
2024-09-13,15418.7001953125,15418.7001953125,15430.0,15337.900390625
2024-09-16,15393.0,15393.0,15401.0,15347.0
2024-09-17,15385.0,15385.0,15386.0,15298.5
2024-09-18,15345.0,15345.0,15367.599609375,15234.2998046875
2024-09-19,15300.2001953125,15300.2001953125,15391.0,14894.5
2024-09-20,15197.599609375,15197.599609375,15227.0,15033.599609375
2024-09-23,15154.0,15154.0,15232.099609375,15147.0
2024-09-24,15174.099609375,15174.099609375,15204.7001953125,15117.2998046875
2024-09-25,15121.099609375,15121.099609375,15178.099609375,15008.2998046875
2024-09-26,15201.5,15201.5,15204.0,14975.7001953125
2024-09-27,15070.0,15070.0,15161.7001953125,15019.2998046875
2024-09-30,15118.0,15118.0,15197.2998046875,14935.900390625
2024-10-01,15170.599609375,15170.599609375,15250.099609375,15148.7998046875
2024-10-02,15260.599609375,15260.599609375,15289.900390625,15187.2001953125
2024-10-03,15324.0,15324.0,15507.900390625,15294.0
2024-10-04,15457.0,15457.0,15719.0,15400.5
2024-10-07,15650.0,15650.0,15756.900390625,15579.7001953125
2024-10-08,15744.0,15744.0,15744.0,15628.0
2024-10-09,15682.400390625,15682.400390625,15684.0,15567.7001953125
2024-10-10,15664.599609375,15664.599609375,15719.0,15585.2001953125
2024-10-11,15670.900390625,15670.900390625,15682.0,15535.599609375
2024-10-14,15562.0,15562.0,15612.5,15547.099609375
2024-10-15,15573.0,15573.0,15598.2001953125,15509.7998046875
2024-10-16,15578.599609375,15578.599609375,15580.0,15495.599609375
2024-10-17,15583.900390625,15583.900390625,15587.0,15482.2001953125
2024-10-18,15493.0,15493.0,15525.0,15441.0
2024-10-21,15467.0,15467.0,15544.2001953125,15421.0
2024-10-22,15556.0,15556.0,15575.7001953125,15515.0
2024-10-23,15586.0,15586.0,15687.5,15545.7001953125
2024-10-24,15663.0,15663.0,15664.0,15548.599609375
2024-10-25,15621.5,15621.5,15686.099609375,15581.0
2024-10-28,15688.099609375,15688.099609375,15742.5,15633.0
2024-10-29,15747.0,15747.0,15784.7998046875,15717.7998046875
2024-10-30,15768.0,15768.0,15768.0,15628.099609375
2024-10-31,15695.5,15695.5,15751.2001953125,15672.5
2024-11-01,15713.0,15713.0,15794.0,15633.2001953125
2024-11-04,15842.0,15842.0,15842.0,15719.0
2024-11-05,15790.0,15790.0,15791.900390625,15707.7001953125
2024-11-06,15665.0,15665.0,15883.099609375,14476.5
2024-11-07,15818.2001953125,15818.2001953125,15833.7998046875,15575.0
2024-11-08,15558.0,15558.0,15694.2998046875,14873.7998046875
2024-11-11,15647.2001953125,15647.2001953125,15761.599609375,15636.7998046875
2024-11-12,15765.0,15765.0,15813.7001953125,15674.400390625
2024-11-13,15788.900390625,15788.900390625,15819.0,15625.0
2024-11-14,15847.2001953125,15847.2001953125,15976.400390625,15756.099609375
2024-11-15,15933.2998046875,15933.2998046875,15973.0,15809.400390625
2024-11-18,15891.2998046875,15891.2998046875,15863.5,15818.7001953125
2024-11-19,15806.099609375,15806.099609375,15909.150390625,15830.0
2024-11-20,15817.099609375,15817.099609375,15918.2001953125,15792.099609375
2024-11-21,15913.0,15913.0,15952.7998046875,15797.599609375
2024-11-22,15816.900390625,15816.900390625,15956.900390625,15790.900390625
2024-11-25,15940.0,15940.0,15937.0,15785.5
2024-11-26,15901.2001953125,15901.2001953125,15938.0,15851.0
2024-11-27,15930.0,15930.0,15930.0,15810.400390625
2024-11-28,15863.5,15863.5,15886.099609375,15816.599609375
2024-11-29,15878.0,15878.0,15879.0,15794.0
2024-12-02,15829.0,15829.0,15916.0,15829.0
2024-12-03,15910.0,15910.0,15955.2001953125,15883.099609375
2024-12-04,15940.0,15940.0,15975.0,15874.900390625
2024-12-05,15906.599609375,15906.599609375,15916.099609375,15813.099609375
2024-12-06,15839.7998046875,15839.7998046875,15859.0,15705.5
2024-12-09,15825.7998046875,15825.7998046875,15900.7001953125,15805.0
2024-12-10,15864.0,15864.0,15886.599609375,15827.2998046875
2024-12-11,15908.0,15908.0,15958.0,15848.0
2024-12-12,15963.0,15963.0,15967.0,15914.900390625
2024-12-13,15967.400390625,15967.400390625,16040.7001953125,15926.099609375
2024-12-16,16025.7998046875,16025.7998046875,16034.7001953125,15917.7001953125
2024-12-17,15955.0,15955.0,16153.900390625,15837.2998046875
2024-12-18,15926.2001953125,15926.2001953125,16129.900390625,15926.2001953125
2024-12-19,16145.2998046875,16145.2998046875,16389.0,15970.400390625
2024-12-20,15981.2998046875,15981.2998046875,16329.900390625,15892.599609375
2024-12-23,16159.2998046875,16159.2998046875,16211.2998046875,16092.2998046875
2024-12-24,16217.599609375,16217.599609375,16220.0,16135.400390625
2024-12-25,15970.7998046875,15970.7998046875,16243.0,14210.900390625
2024-12-26,15069.400390625,15069.400390625,16224.900390625,15069.400390625
2024-12-27,16189.0,16189.0,16283.099609375,15798.2998046875
2024-12-30,16178.0,16178.0,16228.0,16059.7001953125
2024-12-31,16085.599609375,16085.599609375,16219.0,16050.900390625
2025-01-02,16230.5,16230.5,16257.0,16117.7001953125
2025-01-03,16201.099609375,16201.099609375,16244.0,16158.599609375
2025-01-06,16178.7998046875,16178.7998046875,16220.5,16033.7001953125
2025-01-07,16179.099609375,16179.099609375,16189.599609375,16122.7001953125
2025-01-08,16157.7001953125,16157.7001953125,16253.5,16130.599609375
2025-01-09,16187.599609375,16187.599609375,16272.0,16155.0
2025-01-10,16237.0,16237.0,16258.900390625,15397.7001953125
2025-01-13,16268.0,16268.0,16613.80078125,16252.0
2025-01-14,16295.2001953125,16295.2001953125,16341.0,16218.2998046875
2025-01-15,16320.0,16320.0,16399.0,16154.099609375
2025-01-16,16360.7998046875,16360.7998046875,16422.30078125,16229.4404296875
2025-01-17,16368.7998046875,16368.7998046875,16410.0,16279.900390625
2025-01-20,16367.099609375,16367.099609375,16394.0,16156.2998046875
2025-01-21,16245.0,16245.0,16369.099609375,16245.0
2025-01-22,16330.7998046875,16330.7998046875,16338.0,15239.2001953125
2025-01-23,16232.7998046875,16232.7998046875,16290.099609375,16170.2001953125
2025-01-24,16230.900390625,16230.900390625,16234.0,16090.400390625
2025-01-27,16164.900390625,16164.900390625,16234.0,16141.0
2025-01-28,16155.599609375,16155.599609375,16246.0,16140.099609375
2025-01-29,15881.2001953125,15881.2001953125,16269.2998046875,15960.599609375
2025-01-30,16238.0,16238.0,16263.7998046875,16210.599609375
2025-01-31,16274.5,16274.5,16327.400390625,16177.7001953125
2025-02-03,16341.2998046875,16341.2998046875,16483.0,15995.2001953125
2025-02-04,16320.0,16320.0,16386.69921875,16286.0
2025-02-05,16299.099609375,16299.099609375,16332.2998046875,16271.400390625
2025-02-06,16298.099609375,16298.099609375,16350.7998046875,16298.900390625
2025-02-07,16327.0,16327.0,16341.0,16162.900390625
2025-02-10,16314.7001953125,16314.7001953125,16364.2998046875,16270.0
2025-02-11,16330.099609375,16330.099609375,16396.19921875,16329.2001953125
2025-02-12,16343.2998046875,16343.2998046875,16395.0,16263.400390625
2025-02-13,16375.0,16375.0,16382.900390625,16251.0
2025-02-14,16219.0,16219.0,16295.400390625,15607.5
2025-02-17,16173.0,16173.0,16245.7998046875,16172.2001953125
2025-02-18,16220.0,16220.0,16348.599609375,16220.0
2025-02-19,16317.0,16317.0,16386.5,16289.2998046875
2025-02-20,16346.400390625,16346.400390625,16357.0,16253.7001953125
2025-02-21,16245.099609375,16245.099609375,16347.7001953125,16245.099609375
2025-02-24,16278.0,16278.0,16316.2998046875,16218.5
2025-02-25,16279.2998046875,16279.2998046875,16393.19921875,16271.7001953125
2025-02-26,16314.0,16314.0,16406.099609375,16234.419921875
2025-02-27,16367.400390625,16367.400390625,16527.599609375,16366.0
2025-02-28,16553.69921875,16553.69921875,16606.400390625,16492.0
2025-03-03,16522.0,16522.0,16573.0,16054.900390625
2025-03-04,16451.19921875,16451.19921875,16454.0,16391.80078125
2025-03-05,16379.0,16379.0,16419.099609375,16242.7001953125
2025-03-06,16268.900390625,16268.900390625,16368.0,16247.5
2025-03-07,16322.099609375,16322.099609375,16347.599609375,15929.2998046875
2025-03-10,16292.599609375,16292.599609375,16372.599609375,16264.099609375
2025-03-11,16324.0,16324.0,16472.900390625,16323.0
2025-03-12,16433.900390625,16433.900390625,16486.80078125,16412.5
2025-03-13,16305.599609375,16305.599609375,16452.400390625,16305.599609375
2025-03-14,16259.2998046875,16259.2998046875,16413.19921875,16259.2998046875
2025-03-17,16321.0,16321.0,16439.400390625,16314.7001953125
2025-03-18,16370.0,16370.0,16553.19921875,16370.0
2025-03-19,16514.5,16514.5,16556.599609375,16499.80078125
2025-03-20,16330.2998046875,16330.2998046875,16525.19921875,16330.2998046875
2025-03-21,16428.5,16428.5,16529.19921875,16428.5
2025-03-24,16519.0,16519.0,16594.400390625,16491.0
2025-03-25,16575.80078125,16575.80078125,16650.30078125,16549.0
2025-03-26,16621.0,16621.0,16622.30078125,16530.80078125
2025-03-27,16629.0,16629.0,16629.0,16518.0
2025-03-28,16560.900390625,16560.900390625,16592.599609375,16504.900390625
2025-03-31,16575.0,16575.0,16670.099609375,16535.19921875
